train_id,stop_order,station_id,scheduled_arrival,scheduled_departure,source_type
SIM-KOK_AST-F01,1,KOK,,2026-10-01T09:00:00+05:00,SIMULATED_DEMO
SIM-KOK_AST-F01,2,BOR,2026-10-01T09:55:00+05:00,2026-10-01T10:00:00+05:00,SIMULATED_DEMO
SIM-KOK_AST-F01,3,AKK,2026-10-01T11:38:00+05:00,2026-10-01T11:43:00+05:00,SIMULATED_DEMO
SIM-KOK_AST-F01,4,AST,2026-10-01T13:11:00+05:00,,SIMULATED_DEMO
SIM-KOK_AST-F02,1,KOK,,2026-10-01T09:25:00+05:00,SIMULATED_DEMO
SIM-KOK_AST-F02,2,BOR,2026-10-01T10:27:00+05:00,2026-10-01T10:32:00+05:00,SIMULATED_DEMO
SIM-KOK_AST-F02,3,AKK,2026-10-01T12:22:00+05:00,2026-10-01T12:27:00+05:00,SIMULATED_DEMO
SIM-KOK_AST-F02,4,AST,2026-10-01T14:06:00+05:00,,SIMULATED_DEMO
SIM-KOK_AST-F03,1,KOK,,2026-10-01T09:50:00+05:00,SIMULATED_DEMO
SIM-KOK_AST-F03,2,BOR,2026-10-01T11:03:00+05:00,2026-10-01T11:13:00+05:00,SIMULATED_DEMO
SIM-KOK_AST-F03,3,AKK,2026-10-01T13:23:00+05:00,2026-10-01T13:33:00+05:00,SIMULATED_DEMO
SIM-KOK_AST-F03,4,AST,2026-10-01T15:30:00+05:00,,SIMULATED_DEMO
SIM-KOK_AST-F04,1,KOK,,2026-10-01T10:15:00+05:00,SIMULATED_DEMO
SIM-KOK_AST-F04,2,BOR,2026-10-01T11:10:00+05:00,2026-10-01T11:15:00+05:00,SIMULATED_DEMO
SIM-KOK_AST-F04,3,AKK,2026-10-01T12:53:00+05:00,2026-10-01T12:58:00+05:00,SIMULATED_DEMO
SIM-KOK_AST-F04,4,AST,2026-10-01T14:26:00+05:00,,SIMULATED_DEMO
SIM-KOK_AST-F05,1,KOK,,2026-10-01T10:40:00+05:00,SIMULATED_DEMO
SIM-KOK_AST-F05,2,BOR,2026-10-01T11:42:00+05:00,2026-10-01T11:47:00+05:00,SIMULATED_DEMO
SIM-KOK_AST-F05,3,AKK,2026-10-01T13:37:00+05:00,2026-10-01T13:42:00+05:00,SIMULATED_DEMO
SIM-KOK_AST-F05,4,AST,2026-10-01T15:21:00+05:00,,SIMULATED_DEMO
SIM-KOK_AST-F06,1,KOK,,2026-10-01T11:05:00+05:00,SIMULATED_DEMO
SIM-KOK_AST-F06,2,BOR,2026-10-01T12:18:00+05:00,2026-10-01T12:28:00+05:00,SIMULATED_DEMO
SIM-KOK_AST-F06,3,AKK,2026-10-01T14:38:00+05:00,2026-10-01T14:48:00+05:00,SIMULATED_DEMO
SIM-KOK_AST-F06,4,AST,2026-10-01T16:45:00+05:00,,SIMULATED_DEMO
SIM-KOK_AST-R01,1,AST,,2026-10-01T09:12:00+05:00,SIMULATED_DEMO
SIM-KOK_AST-R01,2,AKK,2026-10-01T10:40:00+05:00,2026-10-01T10:45:00+05:00,SIMULATED_DEMO
SIM-KOK_AST-R01,3,BOR,2026-10-01T12:23:00+05:00,2026-10-01T12:28:00+05:00,SIMULATED_DEMO
SIM-KOK_AST-R01,4,KOK,2026-10-01T13:23:00+05:00,,SIMULATED_DEMO
SIM-KOK_AST-R02,1,AST,,2026-10-01T09:37:00+05:00,SIMULATED_DEMO
SIM-KOK_AST-R02,2,AKK,2026-10-01T11:16:00+05:00,2026-10-01T11:21:00+05:00,SIMULATED_DEMO
SIM-KOK_AST-R02,3,BOR,2026-10-01T13:11:00+05:00,2026-10-01T13:16:00+05:00,SIMULATED_DEMO
SIM-KOK_AST-R02,4,KOK,2026-10-01T14:18:00+05:00,,SIMULATED_DEMO
SIM-KOK_AST-R03,1,AST,,2026-10-01T10:02:00+05:00,SIMULATED_DEMO
SIM-KOK_AST-R03,2,AKK,2026-10-01T11:59:00+05:00,2026-10-01T12:09:00+05:00,SIMULATED_DEMO
SIM-KOK_AST-R03,3,BOR,2026-10-01T14:19:00+05:00,2026-10-01T14:29:00+05:00,SIMULATED_DEMO
SIM-KOK_AST-R03,4,KOK,2026-10-01T15:42:00+05:00,,SIMULATED_DEMO
SIM-KOK_AST-R04,1,AST,,2026-10-01T10:27:00+05:00,SIMULATED_DEMO
SIM-KOK_AST-R04,2,AKK,2026-10-01T11:55:00+05:00,2026-10-01T12:00:00+05:00,SIMULATED_DEMO
SIM-KOK_AST-R04,3,BOR,2026-10-01T13:38:00+05:00,2026-10-01T13:43:00+05:00,SIMULATED_DEMO
SIM-KOK_AST-R04,4,KOK,2026-10-01T14:38:00+05:00,,SIMULATED_DEMO
SIM-KOK_AST-R05,1,AST,,2026-10-01T10:52:00+05:00,SIMULATED_DEMO
SIM-KOK_AST-R05,2,AKK,2026-10-01T12:31:00+05:00,2026-10-01T12:36:00+05:00,SIMULATED_DEMO
SIM-KOK_AST-R05,3,BOR,2026-10-01T14:26:00+05:00,2026-10-01T14:31:00+05:00,SIMULATED_DEMO
SIM-KOK_AST-R05,4,KOK,2026-10-01T15:33:00+05:00,,SIMULATED_DEMO
SIM-KOK_AST-R06,1,AST,,2026-10-01T11:17:00+05:00,SIMULATED_DEMO
SIM-KOK_AST-R06,2,AKK,2026-10-01T13:14:00+05:00,2026-10-01T13:24:00+05:00,SIMULATED_DEMO
SIM-KOK_AST-R06,3,BOR,2026-10-01T15:34:00+05:00,2026-10-01T15:44:00+05:00,SIMULATED_DEMO
SIM-KOK_AST-R06,4,KOK,2026-10-01T16:57:00+05:00,,SIMULATED_DEMO
SIM-AST_ALM-F01,1,AST,,2026-10-01T09:15:00+05:00,SIMULATED_DEMO
SIM-AST_ALM-F01,2,KAR,2026-10-01T12:09:00+05:00,2026-10-01T12:14:00+05:00,SIMULATED_DEMO
SIM-AST_ALM-F01,3,AKD,2026-10-01T15:22:00+05:00,2026-10-01T15:27:00+05:00,SIMULATED_DEMO
SIM-AST_ALM-F01,4,SAR,2026-10-01T18:52:00+05:00,2026-10-01T18:57:00+05:00,SIMULATED_DEMO
SIM-AST_ALM-F01,5,SHU,2026-10-01T23:17:00+05:00,2026-10-01T23:22:00+05:00,SIMULATED_DEMO
SIM-AST_ALM-F01,6,ALM,2026-10-02T03:08:00+05:00,,SIMULATED_DEMO
SIM-AST_ALM-F02,1,AST,,2026-10-01T09:40:00+05:00,SIMULATED_DEMO
SIM-AST_ALM-F02,2,KAR,2026-10-01T12:55:00+05:00,2026-10-01T13:00:00+05:00,SIMULATED_DEMO
SIM-AST_ALM-F02,3,AKD,2026-10-01T16:31:00+05:00,2026-10-01T16:36:00+05:00,SIMULATED_DEMO
SIM-AST_ALM-F02,4,SAR,2026-10-01T20:26:00+05:00,2026-10-01T20:31:00+05:00,SIMULATED_DEMO
SIM-AST_ALM-F02,5,SHU,2026-10-02T01:23:00+05:00,2026-10-02T01:28:00+05:00,SIMULATED_DEMO
SIM-AST_ALM-F02,6,ALM,2026-10-02T05:42:00+05:00,,SIMULATED_DEMO
SIM-AST_ALM-F03,1,AST,,2026-10-01T10:05:00+05:00,SIMULATED_DEMO
SIM-AST_ALM-F03,2,KAR,2026-10-01T13:55:00+05:00,2026-10-01T14:05:00+05:00,SIMULATED_DEMO
SIM-AST_ALM-F03,3,AKD,2026-10-01T18:14:00+05:00,2026-10-01T18:24:00+05:00,SIMULATED_DEMO
SIM-AST_ALM-F03,4,SAR,2026-10-01T22:55:00+05:00,2026-10-01T23:05:00+05:00,SIMULATED_DEMO
SIM-AST_ALM-F03,5,SHU,2026-10-02T04:49:00+05:00,2026-10-02T04:59:00+05:00,SIMULATED_DEMO
SIM-AST_ALM-F03,6,ALM,2026-10-02T09:58:00+05:00,,SIMULATED_DEMO
SIM-AST_ALM-F04,1,AST,,2026-10-01T10:30:00+05:00,SIMULATED_DEMO
SIM-AST_ALM-F04,2,KAR,2026-10-01T13:24:00+05:00,2026-10-01T13:29:00+05:00,SIMULATED_DEMO
SIM-AST_ALM-F04,3,AKD,2026-10-01T16:37:00+05:00,2026-10-01T16:42:00+05:00,SIMULATED_DEMO
SIM-AST_ALM-F04,4,SAR,2026-10-01T20:07:00+05:00,2026-10-01T20:12:00+05:00,SIMULATED_DEMO
SIM-AST_ALM-F04,5,SHU,2026-10-02T00:32:00+05:00,2026-10-02T00:37:00+05:00,SIMULATED_DEMO
SIM-AST_ALM-F04,6,ALM,2026-10-02T04:23:00+05:00,,SIMULATED_DEMO
SIM-AST_ALM-F05,1,AST,,2026-10-01T10:55:00+05:00,SIMULATED_DEMO
SIM-AST_ALM-F05,2,KAR,2026-10-01T14:10:00+05:00,2026-10-01T14:15:00+05:00,SIMULATED_DEMO
SIM-AST_ALM-F05,3,AKD,2026-10-01T17:46:00+05:00,2026-10-01T17:51:00+05:00,SIMULATED_DEMO
SIM-AST_ALM-F05,4,SAR,2026-10-01T21:41:00+05:00,2026-10-01T21:46:00+05:00,SIMULATED_DEMO
SIM-AST_ALM-F05,5,SHU,2026-10-02T02:38:00+05:00,2026-10-02T02:43:00+05:00,SIMULATED_DEMO
SIM-AST_ALM-F05,6,ALM,2026-10-02T06:57:00+05:00,,SIMULATED_DEMO
SIM-AST_ALM-F06,1,AST,,2026-10-01T11:20:00+05:00,SIMULATED_DEMO
SIM-AST_ALM-F06,2,KAR,2026-10-01T15:10:00+05:00,2026-10-01T15:20:00+05:00,SIMULATED_DEMO
SIM-AST_ALM-F06,3,AKD,2026-10-01T19:29:00+05:00,2026-10-01T19:39:00+05:00,SIMULATED_DEMO
SIM-AST_ALM-F06,4,SAR,2026-10-02T00:10:00+05:00,2026-10-02T00:20:00+05:00,SIMULATED_DEMO
SIM-AST_ALM-F06,5,SHU,2026-10-02T06:04:00+05:00,2026-10-02T06:14:00+05:00,SIMULATED_DEMO
SIM-AST_ALM-F06,6,ALM,2026-10-02T11:13:00+05:00,,SIMULATED_DEMO
SIM-AST_ALM-R01,1,ALM,,2026-10-01T09:27:00+05:00,SIMULATED_DEMO
SIM-AST_ALM-R01,2,SHU,2026-10-01T13:13:00+05:00,2026-10-01T13:18:00+05:00,SIMULATED_DEMO
SIM-AST_ALM-R01,3,SAR,2026-10-01T17:38:00+05:00,2026-10-01T17:43:00+05:00,SIMULATED_DEMO
SIM-AST_ALM-R01,4,AKD,2026-10-01T21:08:00+05:00,2026-10-01T21:13:00+05:00,SIMULATED_DEMO
SIM-AST_ALM-R01,5,KAR,2026-10-02T00:21:00+05:00,2026-10-02T00:26:00+05:00,SIMULATED_DEMO
SIM-AST_ALM-R01,6,AST,2026-10-02T03:20:00+05:00,,SIMULATED_DEMO
SIM-AST_ALM-R02,1,ALM,,2026-10-01T09:52:00+05:00,SIMULATED_DEMO
SIM-AST_ALM-R02,2,SHU,2026-10-01T14:06:00+05:00,2026-10-01T14:11:00+05:00,SIMULATED_DEMO
SIM-AST_ALM-R02,3,SAR,2026-10-01T19:03:00+05:00,2026-10-01T19:08:00+05:00,SIMULATED_DEMO
SIM-AST_ALM-R02,4,AKD,2026-10-01T22:58:00+05:00,2026-10-01T23:03:00+05:00,SIMULATED_DEMO
SIM-AST_ALM-R02,5,KAR,2026-10-02T02:34:00+05:00,2026-10-02T02:39:00+05:00,SIMULATED_DEMO
SIM-AST_ALM-R02,6,AST,2026-10-02T05:54:00+05:00,,SIMULATED_DEMO
SIM-AST_ALM-R03,1,ALM,,2026-10-01T10:17:00+05:00,SIMULATED_DEMO
SIM-AST_ALM-R03,2,SHU,2026-10-01T15:16:00+05:00,2026-10-01T15:26:00+05:00,SIMULATED_DEMO
SIM-AST_ALM-R03,3,SAR,2026-10-01T21:10:00+05:00,2026-10-01T21:20:00+05:00,SIMULATED_DEMO
SIM-AST_ALM-R03,4,AKD,2026-10-02T01:51:00+05:00,2026-10-02T02:01:00+05:00,SIMULATED_DEMO
SIM-AST_ALM-R03,5,KAR,2026-10-02T06:10:00+05:00,2026-10-02T06:20:00+05:00,SIMULATED_DEMO
SIM-AST_ALM-R03,6,AST,2026-10-02T10:10:00+05:00,,SIMULATED_DEMO
SIM-AST_ALM-R04,1,ALM,,2026-10-01T10:42:00+05:00,SIMULATED_DEMO
SIM-AST_ALM-R04,2,SHU,2026-10-01T14:28:00+05:00,2026-10-01T14:33:00+05:00,SIMULATED_DEMO
SIM-AST_ALM-R04,3,SAR,2026-10-01T18:53:00+05:00,2026-10-01T18:58:00+05:00,SIMULATED_DEMO
SIM-AST_ALM-R04,4,AKD,2026-10-01T22:23:00+05:00,2026-10-01T22:28:00+05:00,SIMULATED_DEMO
SIM-AST_ALM-R04,5,KAR,2026-10-02T01:36:00+05:00,2026-10-02T01:41:00+05:00,SIMULATED_DEMO
SIM-AST_ALM-R04,6,AST,2026-10-02T04:35:00+05:00,,SIMULATED_DEMO
SIM-AST_ALM-R05,1,ALM,,2026-10-01T11:07:00+05:00,SIMULATED_DEMO
SIM-AST_ALM-R05,2,SHU,2026-10-01T15:21:00+05:00,2026-10-01T15:26:00+05:00,SIMULATED_DEMO
SIM-AST_ALM-R05,3,SAR,2026-10-01T20:18:00+05:00,2026-10-01T20:23:00+05:00,SIMULATED_DEMO
SIM-AST_ALM-R05,4,AKD,2026-10-02T00:13:00+05:00,2026-10-02T00:18:00+05:00,SIMULATED_DEMO
SIM-AST_ALM-R05,5,KAR,2026-10-02T03:49:00+05:00,2026-10-02T03:54:00+05:00,SIMULATED_DEMO
SIM-AST_ALM-R05,6,AST,2026-10-02T07:09:00+05:00,,SIMULATED_DEMO
SIM-AST_ALM-R06,1,ALM,,2026-10-01T11:32:00+05:00,SIMULATED_DEMO
SIM-AST_ALM-R06,2,SHU,2026-10-01T16:31:00+05:00,2026-10-01T16:41:00+05:00,SIMULATED_DEMO
SIM-AST_ALM-R06,3,SAR,2026-10-01T22:25:00+05:00,2026-10-01T22:35:00+05:00,SIMULATED_DEMO
SIM-AST_ALM-R06,4,AKD,2026-10-02T03:06:00+05:00,2026-10-02T03:16:00+05:00,SIMULATED_DEMO
SIM-AST_ALM-R06,5,KAR,2026-10-02T07:25:00+05:00,2026-10-02T07:35:00+05:00,SIMULATED_DEMO
SIM-AST_ALM-R06,6,AST,2026-10-02T11:25:00+05:00,,SIMULATED_DEMO
SIM-KOK_ALM-F01,1,KOK,,2026-10-01T09:35:00+05:00,SIMULATED_DEMO
SIM-KOK_ALM-F01,2,BOR,2026-10-01T10:30:00+05:00,2026-10-01T10:35:00+05:00,SIMULATED_DEMO
SIM-KOK_ALM-F01,3,AKK,2026-10-01T12:13:00+05:00,2026-10-01T12:18:00+05:00,SIMULATED_DEMO
SIM-KOK_ALM-F01,4,AST,2026-10-01T13:46:00+05:00,2026-10-01T13:51:00+05:00,SIMULATED_DEMO
SIM-KOK_ALM-F01,5,KAR,2026-10-01T16:45:00+05:00,2026-10-01T16:50:00+05:00,SIMULATED_DEMO
SIM-KOK_ALM-F01,6,AKD,2026-10-01T19:58:00+05:00,2026-10-01T20:03:00+05:00,SIMULATED_DEMO
SIM-KOK_ALM-F01,7,SAR,2026-10-01T23:28:00+05:00,2026-10-01T23:33:00+05:00,SIMULATED_DEMO
SIM-KOK_ALM-F01,8,SHU,2026-10-02T03:53:00+05:00,2026-10-02T03:58:00+05:00,SIMULATED_DEMO
SIM-KOK_ALM-F01,9,ALM,2026-10-02T07:44:00+05:00,,SIMULATED_DEMO
SIM-KOK_ALM-F02,1,KOK,,2026-10-01T10:55:00+05:00,SIMULATED_DEMO
SIM-KOK_ALM-F02,2,BOR,2026-10-01T11:57:00+05:00,2026-10-01T12:02:00+05:00,SIMULATED_DEMO
SIM-KOK_ALM-F02,3,AKK,2026-10-01T13:52:00+05:00,2026-10-01T13:57:00+05:00,SIMULATED_DEMO
SIM-KOK_ALM-F02,4,AST,2026-10-01T15:36:00+05:00,2026-10-01T15:41:00+05:00,SIMULATED_DEMO
SIM-KOK_ALM-F02,5,KAR,2026-10-01T18:56:00+05:00,2026-10-01T19:01:00+05:00,SIMULATED_DEMO
SIM-KOK_ALM-F02,6,AKD,2026-10-01T22:32:00+05:00,2026-10-01T22:37:00+05:00,SIMULATED_DEMO
SIM-KOK_ALM-F02,7,SAR,2026-10-02T02:27:00+05:00,2026-10-02T02:32:00+05:00,SIMULATED_DEMO
SIM-KOK_ALM-F02,8,SHU,2026-10-02T07:24:00+05:00,2026-10-02T07:29:00+05:00,SIMULATED_DEMO
SIM-KOK_ALM-F02,9,ALM,2026-10-02T11:43:00+05:00,,SIMULATED_DEMO
SIM-KOK_ALM-R01,1,ALM,,2026-10-01T09:47:00+05:00,SIMULATED_DEMO
SIM-KOK_ALM-R01,2,SHU,2026-10-01T13:33:00+05:00,2026-10-01T13:38:00+05:00,SIMULATED_DEMO
SIM-KOK_ALM-R01,3,SAR,2026-10-01T17:58:00+05:00,2026-10-01T18:03:00+05:00,SIMULATED_DEMO
SIM-KOK_ALM-R01,4,AKD,2026-10-01T21:28:00+05:00,2026-10-01T21:33:00+05:00,SIMULATED_DEMO
SIM-KOK_ALM-R01,5,KAR,2026-10-02T00:41:00+05:00,2026-10-02T00:46:00+05:00,SIMULATED_DEMO
SIM-KOK_ALM-R01,6,AST,2026-10-02T03:40:00+05:00,2026-10-02T03:45:00+05:00,SIMULATED_DEMO
SIM-KOK_ALM-R01,7,AKK,2026-10-02T05:13:00+05:00,2026-10-02T05:18:00+05:00,SIMULATED_DEMO
SIM-KOK_ALM-R01,8,BOR,2026-10-02T06:56:00+05:00,2026-10-02T07:01:00+05:00,SIMULATED_DEMO
SIM-KOK_ALM-R01,9,KOK,2026-10-02T07:56:00+05:00,,SIMULATED_DEMO
SIM-KOK_ALM-R02,1,ALM,,2026-10-01T11:07:00+05:00,SIMULATED_DEMO
SIM-KOK_ALM-R02,2,SHU,2026-10-01T15:21:00+05:00,2026-10-01T15:26:00+05:00,SIMULATED_DEMO
SIM-KOK_ALM-R02,3,SAR,2026-10-01T20:18:00+05:00,2026-10-01T20:23:00+05:00,SIMULATED_DEMO
SIM-KOK_ALM-R02,4,AKD,2026-10-02T00:13:00+05:00,2026-10-02T00:18:00+05:00,SIMULATED_DEMO
SIM-KOK_ALM-R02,5,KAR,2026-10-02T03:49:00+05:00,2026-10-02T03:54:00+05:00,SIMULATED_DEMO
SIM-KOK_ALM-R02,6,AST,2026-10-02T07:09:00+05:00,2026-10-02T07:14:00+05:00,SIMULATED_DEMO
SIM-KOK_ALM-R02,7,AKK,2026-10-02T08:53:00+05:00,2026-10-02T08:58:00+05:00,SIMULATED_DEMO
SIM-KOK_ALM-R02,8,BOR,2026-10-02T10:48:00+05:00,2026-10-02T10:53:00+05:00,SIMULATED_DEMO
SIM-KOK_ALM-R02,9,KOK,2026-10-02T11:55:00+05:00,,SIMULATED_DEMO
