line_number,name,start_point,start_km,end_point,end_km,notes
1,WARSZAWA ZACHODNIA - KATOWICE,WARSZAWA ZACHODNIA,2.405,KATOWICE,318.686,
2,WARSZAWA ZACHODNIA - TERESPOL,WARSZAWA ZACHODNIA,-2.425,GRANICA PAŃSTWA,211.657,
3,WARSZAWA ZACHODNIA - KUNOWICE,WARSZAWA ZACHODNIA,2.693,GRANICA PAŃSTWA,478.098,
4,GRODZISK MAZOWIECKI - ZAWIERCIE,GRODZISK MAZOWIECKI,1.087,ZAWIERCIE,224.915,
6,ZIELONKA - KUŹNICA BIAŁOSTOCKA,ZIELONKA,14.411,GRANICA PAŃSTWA,238.574,
7,WARSZAWA WSCHODNIA OSOBOWA - DOROHUSK,WARSZAWA WSCHODNIA OSOBOWA,4.062,GRANICA PAŃSTWA,271.533,
8,WARSZAWA ZACHODNIA - KRAKÓW GŁÓWNY,WARSZAWA ZACHODNIA,2.482,KRAKÓW GŁÓWNY,319.805,
9,WARSZAWA WSCHODNIA OSOBOWA - GDAŃSK GŁÓWNY,WARSZAWA WSCHODNIA OSOBOWA,4.407,GDAŃSK GŁÓWNY,327.800,
10,LEGIONOWO - TŁUSZCZ,LEGIONOWO,-0.853,TŁUSZCZ,35.911,
11,SKIERNIEWICE - ŁOWICZ GŁÓWNY,SKIERNIEWICE,0.263,ŁOWICZ GŁÓWNY,22.111,
12,SKIERNIEWICE - ŁUKÓW,SKIERNIEWICE,-0.407,ŁUKÓW,161.160,
13,KRUSZE - PILAWA,KRUSZE,-0.269,PILAWA,56.335,
14,ŁÓDŹ KALISKA - TUPLICE,ŁÓDŹ KALISKA,-0.983,GRANICA PAŃSTWA,389.080,
15,BEDNARY - ŁÓDŹ KALISKA,BEDNARY,-0.693,ŁÓDŹ KALISKA,68.734,
16,ŁÓDŹ WIDZEW - KUTNO,ŁÓDŹ WIDZEW,-0.643,KUTNO,71.266,
17,ŁÓDŹ FABRYCZNA - KOLUSZKI,ŁÓDŹ FABRYCZNA,-0.142,KOLUSZKI,26.400,
18,KUTNO - PIŁA GŁÓWNA,KUTNO,-0.271,PIŁA GŁÓWNA,247.731,
19,WARSZAWA GŁÓWNA TOWAROWA - JÓZEFINÓW,WARSZAWA GŁÓWNA TOWAROWA,1.094,JÓZEFINÓW,6.255,
20,WARSZAWA GŁÓWNA TOWAROWA - WARSZAWA PRAGA,WARSZAWA GŁÓWNA TOWAROWA,-1.094,WARSZAWA PRAGA,14.102,
21,WARSZAWA WILEŃSKA - WOŁOMIN SŁONECZNA,WARSZAWA WILEŃSKA,0.062,WOŁOMIN SŁONECZNA,19.652,
22,TOMASZÓW MAZOWIECKI - RADOM GŁÓWNY,TOMASZÓW MAZOWIECKI,0.913,RADOM GŁÓWNY,88.238,
23,"WARSZAWA GŁÓWNA OSOBOWA - WARSZAWA ZACHODNIA T2/1G, 12/2G",WARSZAWA GŁÓWNA OSOBOWA,1.424,WARSZAWA ZACHODNIA,2.651,
24,PIOTRKÓW TRYBUNALSKI - ZARZECZE,PIOTRKÓW TRYBUNALSKI,2.178,ZARZECZE,34.350,
25,ŁÓDŹ KALISKA - DĘBICA,ŁÓDŹ KALISKA,-0.394,DĘBICA,323.217,Linia nieudostępniana na odcinku Chmielów - Padew - Mielec od 16.03.2026 do 02.09.2026
26,ŁUKÓW - RADOM GŁÓWNY,ŁUKÓW,0.292,RADOM GŁÓWNY,117.400,
27,NASIELSK - TORUŃ WSCHODNI,NASIELSK,0.281,TORUŃ WSCHODNI,165.023,
28,WIELISZEW - ZEGRZE POŁUDNIOWE,WIELISZEW,-1.042,ZEGRZE POŁUDNIOWE,3.342,
29,TŁUSZCZ - OSTROŁĘKA,TŁUSZCZ,-0.999,OSTROŁĘKA,75.047,
30,ŁUKÓW - LUBLIN PÓŁNOCNY,ŁUKÓW,1.570,LUBLIN PÓŁNOCNY,107.606,
31,SIEDLCE - SIEMIANÓWKA,SIEDLCE,-0.313,GRANICA PAŃSTWA,154.384,
32,CZEREMCHA - BIAŁYSTOK,CZEREMCHA,0.884,BIAŁYSTOK,77.229,
33,KUTNO - BRODNICA,KUTNO,0.243,BRODNICA,142.597,
34,OSTROŁĘKA - MAŁKINIA,OSTROŁĘKA,-0.811,MAŁKINIA,54.522,
35,OSTROŁĘKA - SZCZYTNO,OSTROŁĘKA,-0.748,SZCZYTNO,92.949,
36,OSTROŁĘKA - ŁAPY,OSTROŁĘKA,0.811,ŁAPY,88.680,
37,BIAŁYSTOK - ZUBKI BIAŁOSTOCKIE,BIAŁYSTOK,0.523,GRANICA PAŃSTWA,53.105,"Linia nieudostępniana od km 37,383 do km 53,105"
38,BIAŁYSTOK - GŁOMNO,BIAŁYSTOK,-0.245,GRANICA PAŃSTWA,241.289,"Linia nieudostępniana na odcinku Grajewo - Ełk od 01.08.2026
Linia nieudostępniana od km 226,630 do km 241,289"
39,OLECKO - SUWAŁKI,OLECKO,0.643,SUWAŁKI,43.545,
40,SOKÓŁKA - SUWAŁKI,SOKÓŁKA,0.394,SUWAŁKI,99.435,
41,EŁK - GOŁDAP,EŁK,-0.510,GOŁDAP,66.328,"Linia nieudostępniana od km 28,000 do km 66,328"
42,"WARSZAWA ZACHODNIA - WARSZAWA SZCZĘŚLIWICE T610/202/3,2/68",WARSZAWA ZACHODNIA,3.323,WARSZAWA SZCZĘŚLIWICE,4.641,
43,CZEREMCHA - BRZEŚĆ,CZEREMCHA,0.497,GRANICA PAŃSTWA,6.157,
44,MIKOŁAJÓW - REGNY,MIKOŁAJÓW,1.118,REGNY,4.291,
45,"WARSZAWA WSCHODNIA OSOBOWA - WARSZAWA GROCHÓW T1G,2G",WARSZAWA WSCHODNIA OSOBOWA,0.684,WARSZAWA GROCHÓW,2.280,
46,"WARSZAWA ZACHODNIA - WARSZAWA CZYSTE T10, 2SZ",WARSZAWA ZACHODNIA,2.642,WARSZAWA CZYSTE,4.553,
49,ŚNIADOWO - ŁOMŻA,ŚNIADOWO,-0.246,ŁOMŻA,16.994,
51,SUWAŁKI - TRAKISZKI,SUWAŁKI,-0.502,GRANICA PAŃSTWA,28.620,
52,LEWKI - NIEZNANY BÓR,LEWKI,-0.167,NIEZNANY BÓR,29.374,
53,TOMASZÓW MAZOWIECKI - SPAŁA,TOMASZÓW MAZOWIECKI,0.753,SPAŁA,8.791,
55,SOKOŁÓW PODLASKI - SIEDLCE,SOKOŁÓW PODLASKI,90.101,SIEDLCE,119.863,
57,KUŹNICA BIAŁOSTOCKA - GENIUSZE (SZ),GRANICA PAŃSTWA,161.496,GENIUSZE,188.260,
59,GRANICA PAŃSTWA (SVISLAC) - ZABŁOTCZYZNA (SZ),GRANICA PAŃSTWA (SVISLAC),0.000,ZABŁOTCZYZNA,20.132,
60,KOBYLANY - TERESPOL (SZ),KOBYLANY,205.247,GRANICA PAŃSTWA,211.657,
61,KIELCE GŁÓWNE - FOSOWSKIE,KIELCE GŁÓWNE,-0.525,FOSOWSKIE,176.775,
62,TUNEL - SOSNOWIEC GŁÓWNY,TUNEL,0.749,SOSNOWIEC GŁÓWNY,85.096,
63,DOROHUSK - ZAWADÓWKA NAFTOBAZA (SZ),GRANICA PAŃSTWA,0.000,ZAWADÓWKA NAFTOBAZA,30.452,
64,KOZŁÓW - KONIECPOL,KOZŁÓW,-0.526,KONIECPOL,43.528,
66,ZWIERZYNIEC TOWAROWY - STALOWA WOLA POŁUDNIE,ZWIERZYNIEC TOWAROWY,0.057,STALOWA WOLA POŁUDNIE,67.555,
67,LUBLIN GŁÓWNY - ŚWIDNIK,LUBLIN GŁÓWNY,0.561,ŚWIDNIK,8.100,
68,LUBLIN GŁÓWNY - PRZEWORSK,LUBLIN GŁÓWNY,-0.637,PRZEWORSK,177.173,
69,REJOWIEC - HREBENNE,REJOWIEC,-0.340,GRANICA PAŃSTWA,138.042,
70,WŁOSZCZOWICE - CHMIELÓW,WŁOSZCZOWICE,-0.106,CHMIELÓW,88.008,Linia nieudostępniana na odcinku Strzegomek - Chmielów od 23.06.2026
71,OCICE - RZESZÓW GŁÓWNY,OCICE,-1.063,RZESZÓW GŁÓWNY,66.311,
72,ZAWADA - HRUBIESZÓW MIASTO,ZAWADA,0.423,HRUBIESZÓW MIASTO,62.287,
73,SITKÓWKA NOWINY - BUSKO-ZDRÓJ,SITKÓWKA NOWINY,-1.236,BUSKO-ZDRÓJ,44.476,
74,SOBÓW - STALOWA WOLA ROZWADÓW,SOBÓW,-1.021,STALOWA WOLA ROZWADÓW,23.336,
75,RYTWIANY - POŁANIEC,RYTWIANY,-0.014,POŁANIEC,17.475,
76,BĄKOWIEC - KOZIENICE,BĄKOWIEC,-0.572,KOZIENICE,11.392,
77,JANIKÓW - ŚWIERŻE GÓRNE,JANIKÓW,-0.894,ŚWIERŻE GÓRNE,13.636,
78,SANDOMIERZ - GRĘBÓW,SANDOMIERZ,1.328,GRĘBÓW,10.783,"Linia nieudostępniana od 03.09.2026 "
79,PADEW - WOLA BARANOWSKA,PADEW,0.000,WOLA BARANOWSKA,4.634,
81,CHEŁM - WŁODAWA,CHEŁM,0.496,WŁODAWA,45.970,
82,BĄKOWIEC - PUŁAWY AZOTY,BĄKOWIEC,-0.607,PUŁAWY AZOTY,22.270,"Linia nieudostępniana od km 0,302 do km 22,270"
83,ZAWADA - ZAMOŚĆ BORTATYCZE,ZAWADA,0.568,ZAMOŚĆ BORTATYCZE,6.400,
85,WARSZAWA ZACHODNIA R 9 - WARSZAWA ZACHODNIA (KDP),WARSZAWA ZACHODNIA R 9,2.405,WARSZAWA ZACHODNIA,3.885,
90,ZEBRZYDOWICE - CIESZYN,ZEBRZYDOWICE,12.983,CIESZYN,29.461,Linia nieudostępniana na odcinku Zebrzydowice - Kaczyce przez cały rozkład jazdy
91,KRAKÓW GŁÓWNY - MEDYKA,KRAKÓW GŁÓWNY,-0.720,GRANICA PAŃSTWA,258.254,
92,PRZEMYŚL GŁÓWNY - MEDYKA (SZ),PRZEMYŚL GŁÓWNY,-0.283,GRANICA PAŃSTWA,14.046,
93,TRZEBINIA - ZEBRZYDOWICE,TRZEBINIA,-0.746,GRANICA PAŃSTWA,80.662,
94,KRAKÓW PŁASZÓW - OŚWIĘCIM,KRAKÓW PŁASZÓW,0.632,OŚWIĘCIM,64.797,
95,KRAKÓW MYDLNIKI - PODŁĘŻE,KRAKÓW MYDLNIKI,-0.273,PODŁĘŻE,34.316,
96,TARNÓW - LELUCHÓW,TARNÓW,0.458,GRANICA PAŃSTWA,146.374,
97,SKAWINA - ŻYWIEC,SKAWINA,-0.685,ŻYWIEC,82.025,Linia nieudostępniana na odcinku Sucha Beskidzka - Żywiec do 12.12.2026
98,SUCHA BESKIDZKA - CHABÓWKA,SUCHA BESKIDZKA,-0.504,CHABÓWKA,35.322,
99,CHABÓWKA - ZAKOPANE,CHABÓWKA,-0.546,ZAKOPANE,43.442,
100,KRAKÓW MYDLNIKI - KRAKÓW BIEŻANÓW,KRAKÓW MYDLNIKI,-0.062,KRAKÓW BIEŻANÓW,19.822,
101,MUNINA - HREBENNE,MUNINA,0.320,HREBENNE,82.789,
102,PRZEMYŚL GŁÓWNY - MALHOWICE,PRZEMYŚL GŁÓWNY,-0.084,GRANICA PAŃSTWA,12.296,
103,TRZEBINIA - WADOWICE,TRZEBINIA,0.630,WADOWICE,37.409,"Linia nieudostępniana od km 0,630 do km 17,875
Linia nieudostępniana od km 23,970 do km 37,409"
104,CHABÓWKA - NOWY SĄCZ,CHABÓWKA,0.581,NOWY SĄCZ,73.892,"
Linia nieudostępniana na odcinku Rabka Zaryte - Mszana Dolna - Tymbark - Limanowa przez cały rozkład jazdy
Linia nieudostępniana na odcinku Limanowa - Męcina do 08.09.2026
"
105,MUSZYNA - KRYNICA-ZDRÓJ,MUSZYNA,-0.664,KRYNICA-ZDRÓJ,10.776,
106,RZESZÓW GŁÓWNY - JASŁO,RZESZÓW GŁÓWNY,0.475,JASŁO,69.726,
107,NOWY ZAGÓRZ - ŁUPKÓW,NOWY ZAGÓRZ,-0.201,GRANICA PAŃSTWA,50.588,Linia nieudostępniana na odcinku Nowy Zagórz - Zagórz przez cały rozkład jazdy
108,STRÓŻE - KROŚCIENKO,STRÓŻE,0.585,GRANICA PAŃSTWA,161.074,Linia nieudostępniana na odcinku Jasło - Krosno - Sanok - Nowy Zagórz - Uherce przez cały rozkład jazdy
109,KRAKÓW BIEŻANÓW - WIELICZKA RYNEK KOPALNIA,KRAKÓW BIEŻANÓW,0.086,WIELICZKA RYNEK KOPALNIA,5.505,
110,GORLICE ZAGÓRZANY - GORLICE,GORLICE ZAGÓRZANY,0.128,GORLICE,4.366,
114,TRZEBINIA - TRZEBINIA SIERSZA,TRZEBINIA,0.612,TRZEBINIA SIERSZA,6.065,
115,TARNÓW - SZCZUCIN,TARNÓW,0.765,SZCZUCIN,49.121,"Linia nieudostępniana od km 16,400 do km 49,121"
116,GRANICA PAŃSTWA (WERCHRATA) - KAPLISZE (SZ),GRANICA PAŃSTWA (WERCHRATA),0.000,KAPLISZE,22.472,"Linia nieudostępniana od km 3,550 do km 22,472"
117,KALWARIA ZEBRZYDOWSKA LANCKORONA - BIELSKO-BIAŁA GŁÓWNA,KALWARIA ZEBRZYDOWSKA LANCKORONA,-0.188,BIELSKO-BIAŁA GŁÓWNA,59.007,
118,KRAKÓW GŁÓWNY - KRAKÓW LOTNISKO,KRAKÓW GŁÓWNY,0.072,KRAKÓW LOTNISKO,12.016,
120,HURKO - KRÓWNIKI,HURKO,0.000,KRÓWNIKI,3.143,
121,MEDYKA - CHAŁUPKI MEDYCKIE,MEDYKA,-0.113,CHAŁUPKI MEDYCKIE,2.867,
123,HURKO - KRÓWNIKI (SZ),HURKO,0.000,KRÓWNIKI,3.571,
124,MEDYKA - CHAŁUPKI MEDYCKIE (SZ),MEDYKA,0.000,CHAŁUPKI MEDYCKIE,2.302,
126,CHRZANÓW - PŁAZA,CHRZANÓW,-0.310,PŁAZA,7.154,"Linia nieudostępniana od km 4,600 do km 7,154"
127,RADZIONKÓW - TARNOWSKIE GÓRY TGB T3,RADZIONKÓW,26.835,TARNOWSKIE GÓRY TGB,35.455,"Linia nieudostępniana od km 30,144 do km 33,428"
128,RADZIONKÓW - NAKŁO ŚLĄSKIE T4,RADZIONKÓW,26.782,NAKŁO ŚLĄSKIE,30.659,
129,TARNOWSKIE GÓRY TGB - TARNOWSKIE GÓRY TGE,TARNOWSKIE GÓRY TGB,35.828,TARNOWSKIE GÓRY TGE,41.028,
130,TARNOWSKIE GÓRY TGD - KALETY T4,TARNOWSKIE GÓRY TGD,37.320,KALETY,48.862,
131,CHORZÓW BATORY - TCZEW,CHORZÓW BATORY,5.440,TCZEW,498.912,
132,BYTOM - WROCŁAW GŁÓWNY,BYTOM,16.712,WROCŁAW GŁÓWNY,181.346,"Linia nieudostępniana od km 23,619 do km 39,571"
133,DĄBROWA GÓRNICZA ZĄBKOWICE - KRAKÓW GŁÓWNY,DĄBROWA GÓRNICZA ZĄBKOWICE,-1.224,KRAKÓW GŁÓWNY,70.890,
134,JAWORZNO SZCZAKOWA - MYSŁOWICE,JAWORZNO SZCZAKOWA,0.220,MYSŁOWICE,12.211,
135,GLIWICE ŁABĘDY - PYSKOWICE,GLIWICE ŁABĘDY,-0.408,PYSKOWICE,5.777,
136,KĘDZIERZYN-KOŹLE - OPOLE GROSZOWICE,KĘDZIERZYN-KOŹLE,-0.206,OPOLE GROSZOWICE,37.561,
137,KATOWICE - LEGNICA,KATOWICE,0.070,LEGNICA,284.190,
138,OŚWIĘCIM - KATOWICE,OŚWIĘCIM,0.580,KATOWICE,33.286,Linia nieudostępniana na odcinku Katowice Zawodzie - Katowice przez cały rozkład jazdy
139,KATOWICE - ZWARDOŃ,KATOWICE,0.090,GRANICA PAŃSTWA,113.785,
140,KATOWICE LIGOTA - NĘDZA,KATOWICE LIGOTA,0.659,NĘDZA,67.862,
141,KATOWICE LIGOTA - GLIWICE,KATOWICE LIGOTA,-0.570,GLIWICE,25.927,"Linia nieudostępniana na odcinku Katowice Ligota - Panewnik przez cały rozkład jazdy "
142,KATOWICE LIGOTA - TYCHY,KATOWICE LIGOTA,0.756,TYCHY,15.889,Linia nieudostępniana na odcinku Katowice Ligota - Staszic od 01.07.2026
143,KALETY - WROCŁAW POPOWICE WP2,KALETY,0.841,WROCŁAW POPOWICE WP2,164.210,
144,TARNOWSKIE GÓRY - OPOLE GŁÓWNE,TARNOWSKIE GÓRY,0.182,OPOLE GŁÓWNE,75.924,
145,CHORZÓW STARY - RADZIONKÓW,CHORZÓW STARY,1.331,RADZIONKÓW,17.955,"Linia nieudostępniana od km 1,331 do km 11,500"
146,WYCZERPY - CHORZEW SIEMKOWICE,WYCZERPY,-0.055,CHORZEW SIEMKOWICE,49.134,
147,ZABRZE BISKUPICE - GLIWICE,ZABRZE BISKUPICE,-0.702,GLIWICE,13.400,
148,PSZCZYNA - RYBNIK,PSZCZYNA,-0.632,RYBNIK,35.980,Linia nieudostępniana na odcinku Pszczyna - Żory do 02.07.2026
149,ZABRZE MAKOSZOWY - LESZCZYNY,ZABRZE MAKOSZOWY,0.280,LESZCZYNY,23.843,
150,CZECHOWICE-DZIEDZICE R815 - CHYBIE,CZECHOWICE-DZIEDZICE,2.962,CHYBIE,13.459,
151,KĘDZIERZYN-KOŹLE - CHAŁUPKI,KĘDZIERZYN-KOŹLE,-0.430,GRANICA PAŃSTWA,53.864,
152,PACZYNA - LUBLINIEC,PACZYNA,5.018,LUBLINIEC,40.417,
153,TOSZEK PÓŁNOC - RUDZINIEC GLIWICKI,TOSZEK PÓŁNOC,-0.083,RUDZINIEC GLIWICKI,19.657,
154,ŁAZY - DĄBROWA GÓRNICZA TOWAROWA,ŁAZY,-3.176,DĄBROWA GÓRNICZA TOWAROWA,22.150,
155,KUCELINKA - PORAJ,KUCELINKA,0.000,PORAJ,11.065,
156,BUKOWNO - JAWORZNO SZCZAKOWA,BUKOWNO,-0.427,JAWORZNO SZCZAKOWA,11.310,
157,PAWŁOWICE ŚLĄSKIE - SKOCZÓW,PAWŁOWICE ŚLĄSKIE,-0.859,SKOCZÓW,23.745,Linia nieudostępniana na odcinku Chybie - Bieniowiec od 30.04.2026
158,RYBNIK TOWAROWY - CHAŁUPKI,RYBNIK TOWAROWY,-0.291,CHAŁUPKI,25.648,
159,ŻORY - PAWŁOWICE ŚLĄSKIE,ŻORY,12.991,PAWŁOWICE ŚLĄSKIE,27.520,
160,ZAWIERCIE ZW - DĄBROWA GÓRNICZA ZĄBKOWICE DZA T3,ZAWIERCIE ZW,275.013,DĄBROWA GÓRNICZA ZĄBKOWICE DZA,291.680,
161,KATOWICE SZOPIENICE PÓŁNOCNE - CHORZÓW STARY,KATOWICE SZOPIENICE PÓŁNOCNE,-0.351,CHORZÓW STARY,13.778,
162,DĄBROWA GÓRNICZA STRZEMIESZYCE - DĄBROWA GÓRNICZA HUTA KATOWICE,DĄBROWA GÓRNICZA STRZEMIESZYCE,0.422,DĄBROWA GÓRNICZA HUTA KATOWICE,3.350,
163,SOSNOWIEC KAZIMIERZ - SOSNOWIEC MACZKI,SOSNOWIEC KAZIMIERZ,-0.331,SOSNOWIEC MACZKI,4.684,
164,CHORZÓW BATORY - RUDA KOCHŁOWICE,CHORZÓW BATORY CBA,-0.105,RUDA KOCHŁOWICE,5.966,
165,BYTOM BOBREK - BYTOM KARB,BYTOM BOBREK,-0.143,BYTOM KARB,1.294,
167,SZOBISZOWICE - GLIWICE ŁABĘDY,SZOBISZOWICE,1.415,GLIWICE ŁABĘDY,5.659,
168,GLIWICE - GLIWICE ŁABĘDY,GLIWICE,0.463,GLIWICE ŁABĘDY,5.786,
169,TYCHY - ORZESZE JAŚKOWICE,TYCHY,-0.246,ORZESZE JAŚKOWICE,17.484,
171,DĄBROWA GÓRNICZA TOWAROWA - PANEWNIK,DĄBROWA GÓRNICZA TOWAROWA,3.907,PANEWNIK,41.694,
172,GIERAŁTOWICE - CHUDÓW,GIERAŁTOWICE,-0.091,CHUDÓW,4.247,
173,RYBNIK - SUMINA,RYBNIK,-0.500,SUMINA,13.353,
174,KĘDZIERZYN KOŹLE KKD - ŻABIENIEC,KĘDZIERZYN KOŹLE KKD,-0.197,ŻABIENIEC,2.222,
175,STRZELCE OPOLSKIE - KLUCZBORK,STRZELCE OPOLSKIE,29.775,KLUCZBORK,89.185,"Linia nieudostępniana od km 30,712 do km 50,900
Linia nieudostępniana od km 52,500 do km 88,069"
176,RACIBÓRZ MARKOWICE - OLZA,RACIBÓRZ MARKOWICE,-0.172,OLZA,20.573,"Linia nieudostępniana od km -0,172 do km 19,378"
177,RACIBÓRZ - GŁUBCZYCE,RACIBÓRZ,-0.293,GŁUBCZYCE,38.333,"Linia nieudostępniana od km 24,600 do km 38,333"
179,TYCHY - MYSŁOWICE KOSZTOWY MKSB1,TYCHY,0.647,MYSŁOWICE KOSZTOWY MKSB1,26.223,"Linia nieudostępniana od km 16,293 do km 20,270"
180,DOROTA - MYSŁOWICE BRZEZINKA,DOROTA,0.055,MYSŁOWICE BRZEZINKA,15.616,
181,HERBY NOWE - OLEŚNICA,HERBY NOWE,-0.436,OLEŚNICA,149.109,"Linia nieudostępniana na odcinku Wieluń Dąbrowa - Kępno od 01.01.2026 do 30.09.2026
Linia nieudostępniana na odcinku Kępno - Cieśle przez cały rozkład jazdy"
182,TARNOWSKIE GÓRY - ZAWIERCIE,TARNOWSKIE GÓRY,-0.577,ZAWIERCIE,45.502,
183,DĄBROWA GÓRNICZA ZĄBKOWICE - BĘDZIN ŁAGISZA,DĄBROWA GÓRNICZA ZĄBKOWICE,-1.131,BĘDZIN ŁAGISZA,8.770,
186,ZAWIERCIE - DĄBROWA GÓRNICZA ZĄBKOWICE DZA T4,ZAWIERCIE,274.855,DĄBROWA GÓRNICZA ZĄBKOWICE DZA T4,291.722,
187,KWK POKÓJ - RUDA ORZEGÓW,KWK POKÓJ,4.200,RUDA ORZEGÓW,8.971,"Linia nieudostępniana od km 5,907 do km 8,971"
188,BYTOM BOBREK - ZABRZE BISKUPICE,BYTOM BOBREK,20.300,ZABRZE BISKUPICE,23.552,
189,RUDA CHEBZIE - ZABRZE BISKUPICE,RUDA CHEBZIE,-0.461,ZABRZE BISKUPICE,6.764,
190,BIELSKO-BIAŁA GŁÓWNA - CIESZYN,BIELSKO-BIAŁA GŁÓWNA,-0.477,GRANICA PAŃSTWA,40.181,"Linia nieudostępniana od km 0,170 do km 21,506"
191,GOLESZÓW - WISŁA GŁĘBCE,GOLESZÓW,-0.550,WISŁA GŁĘBCE,20.048,
194,PIETROWICE WIELKIE - KIETRZ,PIETROWICE WIELKIE,0.176,KIETRZ,8.805,
199,RUDZINIEC GLIWICKI - KĘDZIERZYN KOŹLE KKA,RUDZINIEC GLIWICKI,49.055,KĘDZIERZYN KOŹLE KKA,64.136,
200,GLIWICE - GLIWICE SOŚNICA KWK SOŚNICA MAKOSZOWY,GLIWICE,-0.513,GLIWICE SOŚNICA KWK SOŚNICA MAKOS,6.469,
201,NOWA WIEŚ WIELKA - GDYNIA PORT,NOWA WIEŚ WIELKA,-1.395,GDYNIA PORT,210.550,"Linia nieudostępniana na odcinku Maksymilianowo - Serock od 26.06.2026 do 24.08.2026
Linia nieudostępniana na odcinku Kościerzyna - Gołubie Kaszubskie - Somonino przez cały rozkład jazdy
Linia nieudostępniana na odcinku Somonino - Glincz -Żukowo Wschodnie - Gdańsk Osowa przez cały rozkład jazdy"
202,GDAŃSK GŁÓWNY - STARGARD,GDAŃSK GŁÓWNY,-0.381,STARGARD,334.226,
203,TCZEW - KOSTRZYN,TCZEW,-0.437,GRANICA PAŃSTWA,342.453,
204,MALBORK - BRANIEWO,MALBORK,0.170,GRANICA PAŃSTWA,90.671,
205,WIELEWO - ANIELIN GRADOWO (SZ),GRANICA PAŃSTWA,47.602,ANIELIN GRADOWO,58.884,"Linia nieudostępniana od km 53,721 do km 58,884"
206,INOWROCŁAW RĄBINEK - ŻNIN,INOWROCŁAW RĄBINEK,0.700,ŻNIN,38.480,"Linia nieudostępniana od km 21,350 do km 38,480"
207,TORUŃ WSCHODNI - MALBORK,TORUŃ WSCHODNI,-0.206,MALBORK,133.465,
208,DZIAŁDOWO - CHOJNICE,DZIAŁDOWO,-0.214,CHOJNICE,200.293,"Odcinek od km 0,729 do km 22,956 jest udostępniany według procedury opisanej w załączniku 15 do Regulaminu sieci
Linia nieudostępniana od km 22,956 do km 24,300; Linia nieudostępniana od km 28,000 do km 54,300"
209,KOWALEWO POMORSKIE - BYDGOSZCZ WSCHÓD,KOWALEWO POMORSKIE,49.634,BYDGOSZCZ WSCHÓD,109.215,"Linia nieudostępniana od km 50,900 do km 69,600"
210,CHOJNICE - RUNOWO POMORSKIE,CHOJNICE,-0.672,RUNOWO POMORSKIE,149.730,
211,CHOJNICE - KOŚCIERZYNA,CHOJNICE,0.672,KOŚCIERZYNA,70.345,
212,LIPUSZ - KORZYBIE,LIPUSZ,-0.228,KORZYBIE,72.639,"Linia nieudostępniana od km 24,900 do km 72,639"
213,REDA - HEL,REDA,-0.749,HEL,62.078,
214,SOMONINO - KARTUZY,SOMONINO,-0.244,KARTUZY,11.407,
215,LASKOWICE POMORSKIE - BĄK,LASKOWICE POMORSKIE,-0.627,BĄK,78.594,
216,DZIAŁDOWO - OLSZTYN GŁÓWNY,DZIAŁDOWO,-0.460,OLSZTYN GŁÓWNY,83.636,
217,WIELKIE WIERZNO - BRANIEWO (SZ),WIELKIE WIERZNO,39.100,GRANICA PAŃSTWA,61.750,
218,PRABUTY - KWIDZYN,PRABUTY,30.945,KWIDZYN,61.678,"Linia nieudostępniana od km 53,774 do km 61,678"
219,OLSZTYN GŁÓWNY - EŁK,OLSZTYN GŁÓWNY,-0.425,EŁK,157.053,
220,OLSZTYN GŁÓWNY - BOGACZEWO,OLSZTYN GŁÓWNY,-0.551,BOGACZEWO,85.428,
221,OLSZTYN GUTKOWO - BRANIEWO,OLSZTYN GUTKOWO,-0.314,BRANIEWO,87.761,
223,CZERWONKA - EŁK,CZERWONKA,0.211,EŁK,121.723,"Linia nieudostępniana od km 9,361 do km 85,096"
225,NIDZICA - WIELBARK,NIDZICA,0.668,WIELBARK,43.288,"Linia nieudostępniana od km 0,760 do km 41,795"
226,PRUSZCZ GDAŃSKI - GDAŃSK PORT PÓŁNOCNY,PRUSZCZ GDAŃSKI,-1.080,GDAŃSK PORT PÓŁNOCNY,15.514,
227,GDAŃSK GŁÓWNY - GDAŃSK ZASPA TOWAROWA,GDAŃSK GŁÓWNY,0.671,GDAŃSK ZASPA TOWAROWA,6.134,
228,RUMIA - GDYNIA PORT OKSYWIE,RUMIA,-0.553,GDYNIA PORT OKSYWIE,11.453,
229,PRUSZCZ GDAŃSKI - ŁEBA,PRUSZCZ GDAŃSKI,-0.302,ŁEBA,133.919,"Linia nieudostępniana na odcinku Kartuzy - Lębork przez cały rozkład jazdy
Linia nieudostępniana na odcinku Lębork - Łeba od 02.01.2026 
Linia nieudostępniana od km 0,777 do km 24,413
Linia nieudostępniana od km 42,383 do km 100,427"
230,WEJHEROWO - GARCZEGORZE,WEJHEROWO,-0.640,GARCZEGORZE,63.437,"Linia nieudostępniana od km 0,390 do km 63,437"
231,INOWROCŁAW RĄBINEK - KRUSZWICA,INOWROCŁAW RĄBINEK,-0.060,KRUSZWICA,12.400,
234,GDAŃSK KIEŁPINEKI - STARA PIŁA,GDAŃSK KIEŁPINEK,9.718,STARA PIŁA,19.927,
235,MATARNIA - GDAŃSK OSOWA,MATARNIA,1.805,GDAŃSK OSOWA,10.058,"Linia nieudostępniana od km 1,805 do km 8,147"
236,WĄGROWIEC - BZOWO GORAJ,WĄGROWIEC,77.008,BZOWO GORAJ,136.278,"Linia nieudostępniana od km 78,583 do km 95,320
Linia nieudostępniana od km 135,975 do km 136,278"
237,LĘBORK - MASZEWO LĘBORSKIE,LĘBORK,0.404,MASZEWO LĘBORSKIE,11.400,
238,OPALENIE TCZEWSKIE - SMĘTOWO,OPALENIE TCZEWSKIE,63.694,SMĘTOWO,76.072,"Linia nieudostępniana od km 63,694 do km 75,017"
240,ŚWIECIE NAD WISŁĄ - TERESPOL POMORSKI,ŚWIECIE NAD WISŁĄ,1.680,TERESPOL POMORSKI,8.356,
241,TUCHOLA - KORONOWO,TUCHOLA,-0.684,KORONOWO,43.717,"Linia nieudostępniana od km 0,145 do km 0,147
Odcinek od km 0,147 do km 23,348 jest udostępniany według procedury opisanej w załączniku 15 do Regulaminu sieci
Linia nieudostępniana od km 23,348 do km 43,717"
243,JABŁOWO - STAROGARD GDAŃSKI,JABŁOWO,15.035,STAROGARD GDAŃSKI,24.445,
244,MORZESZCZYN - GNIEW,MORZESZCZYN,-0.911,GNIEW,11.315,"Linia nieudostępniana od km 0,290 do km 11,315"
245,ALEKSANDRÓW KUJAWSKI - CIECHOCINEK,ALEKSANDRÓW KUJAWSKI,0.063,CIECHOCINEK,7.015,
246,TORUŃ WSCHODNI - OLEK,TORUŃ WSCHODNI,-0.206,OLEK,12.900,
248,GDAŃSK WRZESZCZ - GDAŃSK OSOWA,GDAŃSK WRZESZCZ,-0.368,GDAŃSK OSOWA,18.247,
249,GDAŃSK GŁÓWNY - GDAŃSK ZASPA TOWAROWA R37,GDAŃSK GŁÓWNY,0.555,GDAŃSK ZASPA TOWAROWA R37,5.001,
250,GDAŃSK GŁÓWNY - RUMIA,GDAŃSK ŚRÓDMIEŚCIE,31.164,RUMIA,32.579,
253,GDAŃSK RĘBIECHOWO - GDAŃSK OSOWA,GDAŃSK RĘBIECHOWO,1.356,GDAŃSK OSOWA,1.421,
254,TROPY - BRANIEWO,TROPY,0.000,BRANIEWO,48.202,"Linia nieudostępniana od km 6,486 do km 14,655; Linia nieudostępniana od km 36,250 do km 44,500"
256,SZYMANKOWO - NOWY DWÓR GDAŃSKI,SZYMANKOWO,-0.231,NOWY DWÓR GDAŃSKI,25.303,"Linia nieudostępniana od km 0,839 do km 25,303"
259,KĘTRZYN - WĘGORZEWO,KĘTRZYN,1.130,WĘGORZEWO,2.513,
260,ZAJĄCZKOWO TCZEWSKIE - PRUSZCZ GDAŃSKI,ZAJĄCZKOWO TCZEWSKIE,-0.052,PRUSZCZ GDAŃSKI,14.767,
265,ZAJĄCZKOWO TCZEWSKIE - PSZCZÓŁKI,ZAJĄCZKOWO TCZEWSKIE,0.022,PSZCZÓŁKI,4.826,
266,ŚWIDNICA KRASZOWICE - JEDLINA-ZDRÓJ,ŚWIDNICA KRASZOWICE,60.726,JEDLINA-ZDRÓJ,82.403,
271,WROCŁAW GŁÓWNY - POZNAŃ GŁÓWNY,WROCŁAW GŁÓWNY,-0.458,POZNAŃ GŁÓWNY,163.754,
272,KLUCZBORK - POZNAŃ GŁÓWNY,KLUCZBORK,-0.343,POZNAŃ GŁÓWNY,201.525,
273,WROCŁAW GŁÓWNY - SZCZECIN GŁÓWNY,WROCŁAW GŁÓWNY,-0.306,SZCZECIN GŁÓWNY,355.819,
274,WROCŁAW ŚWIEBODZKI - ZGORZELEC,WROCŁAW ŚWIEBODZKI,0.000,GRANICA PAŃSTWA,202.455,"Linia nieudostępniana od km 0,000 do km 1,340"
275,WROCŁAW MUCHOBÓR - GUBINEK,WROCŁAW MUCHOBÓR,5.040,GRANICA PAŃSTWA,197.698,"Linia nieudostępniana od km 156,323 do km 197,698"
276,WROCŁAW GŁÓWNY - MIĘDZYLESIE,WROCŁAW GŁÓWNY,-0.208,GRANICA PAŃSTWA,136.064,
277,OPOLE GROSZOWICE - WROCŁAW BROCHÓW,OPOLE GROSZOWICE,-1.259,WROCŁAW BROCHÓW,85.576,
278,WĘGLINIEC - ZGORZELEC,WĘGLINIEC,0.386,ZGORZELEC,27.130,
279,LUBAŃ ŚLĄSKI - WĘGLINIEC,LUBAŃ ŚLĄSKI,-1.061,WĘGLINIEC,21.060,
280,OPOLE GROSZOWICE - OPOLE GŁÓWNE,OPOLE GROSZOWICE,-0.781,OPOLE GŁÓWNE,4.482,
281,OLEŚNICA - CHOJNICE,OLEŚNICA,-0.355,CHOJNICE,311.032,
282,MIŁKOWICE - ŻARY,MIŁKOWICE,-0.598,ŻARY,103.622,
283,JELENIA GÓRA - ŻAGAŃ,JELENIA GÓRA,0.104,ŻAGAŃ,105.286,"Linia nieudostępniana od km 0,330 do km 2,140; Linia nieudostępniana od km 33,316 do km 36,300"
284,LEGNICA - JERZMANICE ZDRÓJ,LEGNICA,-0.403,JERZMANICE ZDRÓJ,24.384,Linia nieudostępniana na odcinku Pawłowice - Jerzmanice Zdój do 24.07.2026
285,WROCŁAW GŁÓWNY - ŚWIDNICA KRASZOWICE,WROCŁAW GŁÓWNY,-0.108,ŚWIDNICA KRASZOWICE,60.111,
286,KŁODZKO GŁÓWNE - WAŁBRZYCH GŁÓWNY,KŁODZKO GŁÓWNE,-0.568,WAŁBRZYCH GŁÓWNY,51.432,
287,OPOLE ZACHODNIE - NYSA,OPOLE ZACHODNIE,0.353,NYSA,49.094,
288,NYSA - BRZEG,NYSA,0.236,BRZEG,47.631,
289,LEGNICA - RUDNA GWIZDANÓW,LEGNICA,0.197,RUDNA GWIZDANÓW,39.066,
290,MIKUŁOWA - GRANICA PAŃSTWA (KRZEWINA ZGORZELECKA),MIKUŁOWA,0.291,GRANICA PAŃSTWA (KRZEWINA ZGORZEL,24.746,"Linia nieudostępniana od km 0,291 do km 0,968"
291,BOGUSZÓW GORCE WSCHÓD - MIEROSZÓW,BOGUSZÓW GORCE WSCHÓD,17.433,GRANICA PAŃSTWA,32.563,"Linia nieudostępniana na odcinku Boguszów Gorce Wschód - Mieroszów od 20.04.2026 do 12.12.2026 "
292,JELCZ MIŁOSZYCE - WROCŁAW OSOBOWICE,JELCZ MIŁOSZYCE,0.403,WROCŁAW OSOBOWICE,29.145,
293,JEŁOWA - KLUCZBORK,JEŁOWA,0.128,KLUCZBORK,25.366,
294,GŁUBCZYCE - RACŁAWICE ŚLĄSKIE,GŁUBCZYCE,-0.344,RACŁAWICE ŚLĄSKIE,15.900,"Linia nieudostępniana od km -0,344 do km 15,065"
295,WĘGLINIEC - BIELAWA DOLNA,WĘGLINIEC,0.522,GRANICA PAŃSTWA,13.424,
296,WIELKIE PIEKARY - MIŁKOWICE,WIELKIE PIEKARY,0.000,MIŁKOWICE,12.685,
297,NOWY ŚWIĘTÓW - GŁUCHOŁAZY ZDRÓJ,NOWY ŚWIĘTÓW,-0.220,GŁUCHOŁAZY ZDRÓJ,8.672,"Linia nieudostępniana od km 7,670 do km 8,672"
298,KAMIENNA GÓRA - SĘDZISŁAW,KAMIENNA GÓRA,-0.306,SĘDZISŁAW,5.860,
299,KAMIENNA GÓRA - LUBAWKA,KAMIENNA GÓRA,0.306,GRANICA PAŃSTWA,12.794,
300,OPOLE GŁÓWNE - OPOLE WSCHODNIE,OPOLE GŁÓWNE,0.450,OPOLE WWSCHODNIE,5.078,
301,OPOLE GŁÓWNE - NAMYSŁÓW,OPOLE GŁÓWNE,0.057,NAMYSŁÓW,60.712,"Linia nieudostępniana od km 30,240 do km 49,900"
302,MALCZYCE - GRABINA ŚLĄSKA,MALCZYCE,-1.010,GRABINA ŚLĄSKA,41.600,"Linia nieudostępniana od km 0,250 do km 33,150"
303,ROKITKI - CHOCIANÓW,ROKITKI,-1.234,CHOCIANÓW,6.900,
304,BRZEG - MAŁUJOWICE,BRZEG,0.147,MAŁUJOWICE,7.000,"Odcinek od km 1,335 do km 7,000 jest udostępniany według procedury opisanej w załączniku 15 do Regulaminu sieci"
306,KRAPKOWICE - PRUDNIK,KRAPKOWICE,5.659,PRUDNIK,41.955,
308,OGORZELEC - JELENIA GÓRA,OGORZELEC,37.858,JELENIA GÓRA,39.986,"Linia nieudostępniana od km 39,924 do km 39,986"
309,KŁODZKO NOWE - KUDOWA ZDRÓJ,KŁODZKO NOWE,0.000,KUDOWA ZDRÓJ,40.126,
311,JELENIA GÓRA - GRANICA PAŃSTWA (JAKUSZYCE),JELENIA GÓRA,-3.124,GRANICA PAŃSTWA (JAKUSZYCE),29.844,
312,KRZENIÓW II - JERZMANICE ZDRÓJ,KRZENIÓW II,33.430,JERZMANICE ZDRÓJ,37.144,
316,CHOJNÓW - ROKITKI,CHOJNÓW,20.756,ROKITKI,29.691,
317,GRYFÓW ŚLĄSKI - ŚWIERADÓW-ZDRÓJ,GRYFÓW ŚLĄSKI,-0.262,ŚWIERADÓW-ZDRÓJ,0.668,
322,KŁODZKO NOWE - STRONIE ŚLĄSKIE,KŁODZKO NOWE,-2.755,STRONIE ŚLĄSKIE,9.700,"Linia nieudostępniana od km 9,330 do km 9,700"
324,RĘCZYN - GRANICA PAŃSTWA (HAGENWERDER),RĘCZYN,0.000,GRANICA PAŃSTWA (HAGENWERDER),0.689,
325,BABORÓW - PILSZCZ,BABORÓW,-0.154,PILSZCZ,23.093,"Linia nieudostępniana od km 0,805 do km 23,093"
326,WROCŁAW PSIE POLE - TRZEBNICA,WROCŁAW PSIE POLE,-0.628,TRZEBNICA,1.260,
327,NOWA RUDA SŁUPIEC - ŚCINAWKA ŚREDNIA,NOWA RUDA SŁUPIEC,-0.431,ŚCINAWKA ŚREDNIA,5.420,
329,SZYDŁÓW - GRACZE,SZYDŁÓW,-0.417,GRACZE,14.660,"Linia nieudostępniana od km 0,482 do km 14,660"
333,GŁUCHOŁAZY - POKRZYWNA,GŁUCHOŁAZY,-0.339,GRANICA PAŃSTWA,11.225,
337,LUBAŃ ŚLĄSKI - LEŚNA,LUBAŃ ŚLĄSKI,-0.284,LEŚNA,10.871,
341,BIELAWA ZACHODNIA - DZIERŻONIÓW ŚLĄSKI,BIELAWA ZACHODNIA,5.118,DZIERŻONIÓW ŚLĄSKI,6.493,
342,JERZMANICE ZDRÓJ - WILKÓW ZŁOTORYJSKI,JERZMANICE ZDRÓJ,-0.557,WILKÓW ZŁOTORYJSKI,6.525,"Linia nieudostępniana od km -0,035 do km 6,525"
343,GŁUCHOŁAZY - GRANICA PAŃSTWA (MIKULOVICE),GŁUCHOŁAZY,-0.416,GRANICA PAŃSTWA (MIKULOVICE),5.650,
344,WILKA - ZAWIDÓW,WILKA,0.076,GRANICA PAŃSTWA,4.918,
346,GRANICA PAŃSTWA (LIBEREC) - GRANICA PAŃSTWA (ZITTAU),GRANICA PAŃSTWA (LIBEREC),21.769,GRANICA PAŃSTWA (ZITTAU),24.528,
348,TRZCINIEC ZGORZELECKI - GRANICA PAŃSTWA (ZITTAU),TRZCINIEC ZGORZELECKI,-0.010,GRANICA PAŃSTWA (ZITTAU),0.200,
349,ŚWIĘTA KATARZYNA - WROCŁAW KUŹNIKI,ŚWIĘTA KATARZYNA,-1.467,WROCŁAW KUŹNIKI,19.663,
351,POZNAŃ GŁÓWNY - SZCZECIN GŁÓWNY,POZNAŃ GŁÓWNY,-0.707,SZCZECIN GŁÓWNY,213.585,
352,SWARZĘDZ - POZNAŃ STAROŁĘKA,SWARZĘDZ,-0.873,POZNAŃ STAROŁĘKA,11.798,
353,POZNAŃ WSCHÓD - SKANDAWA,POZNAŃ WSCHÓD,-0.910,GRANICA PAŃSTWA,389.065,
354,POZNAŃ GŁÓWNY POD - PIŁA GŁÓWNA,POZNAŃ GŁÓWNY POD,-0.237,PIŁA GŁÓWNA,92.788,
355,OSTRÓW WIELKOPOLSKI - GRABOWNO WIELKIE,OSTRÓW WIELKOPOLSKI,-1.180,GRABOWNO WIELKIE,53.579,
356,POZNAŃ WSCHÓD - BYDGOSZCZ GŁÓWNA,POZNAŃ WSCHÓD,-0.802,BYDGOSZCZ GŁÓWNA,127.954,"Linia nieudostępniana od km 71,633 do km 78,394
Linia nieudostępniana od km 86,125 do km 102,783"
357,POWODOWO - LUBOŃ K. POZNANIA,POWODOWO,34.045,LUBOŃ K. POZNANIA,111.588,
358,ZBĄSZYNEK - GUBIN,ZBĄSZYNEK,-0.477,GRANICA PAŃSTWA,94.257,
359,LESZNO - ZBĄSZYŃ,LESZNO,-0.414,ZBĄSZYŃ,69.654,
360,JAROCIN - KĄKOLEWO,JAROCIN,0.203,KĄKOLEWO,59.468,"Linia nieudostępniana na odcinku Gostyń - Kąkolewo przez cały rozkład jazdy
Linia nieudostępniana od km 0,575 do km 35,680"
362,KOBYLIN - RAWICZ,KOBYLIN,0.665,RAWICZ,35.650,"Linia nieudostępniana od km 0,665 do km 22,220
Odcinek od km 22,220 do km 33,186 jest udostępniany według procedury opisanej w załączniku 15 do Regulaminu sieci
Linia nieudostępniana od km 33,186 do km 35,650"
363,MIĘDZYCHÓD - SKWIERZYNA,MIĘDZYCHÓD,62.682,SKWIERZYNA,92.984,"Linia nieudostępniana od km 62,682 do km 71,090"
364,WIERZBNO - RZEPIN,WIERZBNO,-0.113,RZEPIN,90.605,"Linia nieudostępniana od km 51,965 do km 90,605"
367,ZBĄSZYNEK - GORZÓW WIELKOPOLSKI,ZBĄSZYNEK,-0.367,GORZÓW WIELKOPOLSKI,75.497,"Linia nieudostępniana na odcinku Gorzów Wielkopolski Zieleniec - Gorzów Wielkopolski od 15.06.2026 do 20.10.2026 "
368,SZAMOTUŁY - MIĘDZYCHÓD,SZAMOTUŁY,-0.720,MIĘDZYCHÓD,56.592,"Linia nieudostępniana od km 0,773 do km 56,592"
370,ZIELONA GÓRA - ŻARY,ZIELONA GÓRA GŁÓWNA,-0.174,ŻARY,53.710,Linia nieudostępniana na odcinku Zielona Góra - Nowogród Osiedle od 14.09.2026 do 05.12.2026
374,MIROSŁAW UJSKI - PIŁA GŁÓWNA,MIROSŁAW UJSKI,28.756,PIŁA GŁÓWNA,43.311,
375,MIĘDZYRZECZ - TOPORÓW,MIĘDZYRZECZ,-0.416,TOPORÓW,42.518,"Linia nieudostępniana od km 8,200 do km 42,518"
377,GNIEZNO WINIARY - SŁAWA WIELKOPOLSKA,GNIEZNO WINIARY,-0.513,SŁAWA WIELKOPOLSKA,39.589,
379,CIGACICE - SULECHÓW,CIGACICE,27.530,SULECHÓW,33.309,"Linia nieudostępniana od km 27,530 do km 31,869"
380,JANKOWA ŻAGAŃSKA - SANICE,JANKOWA ŻAGAŃSKA,-0.552,GRANICA PAŃSTWA,32.937,"Linia nieudostępniana od km 23,500 do km 32,937"
382,PĄTNÓW LEGNICKI - LEGNICA LG5,PĄTNÓW LEGNICKI,109.450,LEGNICA LG5,113.305,
389,ŻAGAŃ - JANKOWA ŻAGAŃSKA,ŻAGAŃ,0.087,JANKOWA ŻAGAŃSKA,11.738,
390,BZOWO GORAJ - CZARNKÓW,BZOWO GORAJ,-0.293,CZARNKÓW,7.303,
394,POZNAŃ KRZESINY - KOBYLNICA,POZNAŃ KRZESINY,-0.005,KOBYLNICA,15.979,
395,ZIELINIEC - KIEKRZ,ZIELINIEC,-0.019,KIEKRZ,21.024,
401,SZCZECIN DĄBIE SDB - ŚWINOUJŚCIE PORT,SZCZECIN DĄBIE SDB,-0.636,ŚWINOUJSCIE PORT,100.080,
402,KOSZALIN - GOLENIÓW,KOSZALIN,-0.411,GOLENIÓW,142.528,
403,PIŁA PÓŁNOC - ULIKOWO,PIŁA PÓŁNOC,-0.092,ULIKOWO,125.481,
404,SZCZECINEK - KOŁOBRZEG,SZCZECINEK,-0.288,KOŁOBRZEG,99.515,
405,PIŁA GŁÓWNA - USTKA,PIŁA GŁÓWNA,0.251,USTKA,193.670,
406,SZCZECIN GŁÓWNY - TRZEBIEŻ SZCZECIŃSKI,SZCZECIN GŁÓWNY,-0.089,TRZEBIEŻ SZCZECINSKI,37.058,"Linia nieudostępniana od km 23,844 do km 36,102"
407,WYSOKA KAMIEŃSKA - KAMIEŃ POMORSKI,WYSOKA KAMIEŃSKA,-0.434,KAMIEŃ POMORSKI,17.100,
408,SZCZECIN GŁÓWNY - STOBNO SZCZECIŃSKIE,SZCZECIN GŁÓWNY,0.062,GRANICA PAŃSTWA,13.194,Linia nieudostępniana na odcinku Szczecin Główny - Szczecin Gumieńce - Stobno Szczecińskie przez cały rozkład jazdy
409,SZCZECIN GUMIEŃCE - GRANICA PAŃSTWA (TANTOW),SZCZECIN GUMIEŃCE,0.115,GRANICA PAŃSTWA (TANTOW),10.069,Linia nieudostępniana przez cały rozkład jazdy
410,GROTNIKI DRAWSKIE - CHOSZCZNO,GROTNIKI DRAWSKIE,61.164,CHOSZCZNO,143.482,"Linia nieudostępniana od km 116,716 do km 142,002"
411,STARGARD - PYRZYCE,STARGARD,-0.302,PYRZYCE,26.100,"Odcinek od km 0,586 do km 5,813 jest udostępniany według procedury opisanej w załączniku 15 do Regulaminu sieci
Linia nieudostępniana od km 5,813 do km 26,100"
413,CZŁUCHÓW - PRZECHLEWO,CZŁUCHÓW,-0.568,PRZECHLEWO,24.852,
417,SZCZECIN ELETROCIEPŁOWNIA SEC  - SZCZECIN DĄBIE,SZCZECIN ELETROCIEPŁOWNIA SEC,32.330,SZCZECIN DĄBIE,36.492,"Odcinek od km 32,330 do km 35,324 jest udostępniany według procedury opisanej w załączniku 15 do Regulaminu sieci"
418,SŁAWNO - DARŁOWO,SŁAWNO,15.289,DARŁOWO,35.110,
421,SMARDZKO - ŚWIDWIN,SMARDZKO,18.000,ŚWIDWIN,24.911,
427,MŚCICE - MIELNO KOSZALIŃSKIE,MŚCICE,-0.140,MIELNO KOSZALIŃSKIE,0.285,
428,SZCZECIN DĄBIE SDB - SZCZECIN PODJUCHY,SZCZECIN DĄBIE SDB,-0.571,SZCZECIN PODJUCHY,8.039,
430,BARNÓWKO - KOSTRZYN,BARNÓWKO,217.600,KOSTRZYN,240.665,
431,POLICE - POLICE CHEMIA,POLICE,0.377,POLICE CHEMIA,3.906,
432,SZCZECIN WSTOWO - SZCZECIN TURZYN,SZCZECIN WSTOWO,-0.103,SZCZECIN TURZYN,4.205,
433,SZCZECIN GŁÓWNY SG - SZCZECIN GUMIEŃCE,SZCZECIN GŁÓWNY SG,0.085,SZCZECIN GUMIEŃCE,3.198,
434,PODG MOSTY - PORT LOTNICZY SZCZECIN GOLENIÓW,PODG MOSTY,0.000,PORT LOTNICZY SZCZECIN GOLENIÓW,3.970,
435,PODG MOSTY R1 - PODG MOSTY R2,PODG MOSTY R1,0.000,PODG MOSTY R2,0.640,
436,CZERWIEŃSK POŁUDNIE - CZERWIEŃSK WSCHÓD,CZERWIEŃSK POŁUDNIE,0.000,CZERWIEŃSK WSCHÓD,2.151,
439,SZCZECIN PORT CENTRALNY SPD - OSTRÓW GRABOWSKI,SZCZECIN PORT CENTRALNY SPD,0.000,OSTRÓW GRABOWSKI,0.353,
440,WARSZAWA SŁUŻEWIEC - WARSZAWA LOTNISKO CHOPINA,WARSZAWA SŁUŻEWIEC,0.000,WARSZAWA LOTNISKO CHOPINA,1.990,
445,WARSZAWA ZACHODNIA - WARSZAWA ALEJE JEROZOLIMSKIE,WARSZAWA ZACHODNIA,2.735,WARSZAWA ALEJE JEROZOLIMSKIE,6.184,
446,TERESPOL - GRANICA PAŃSTWA (BREST) (SZ),TERESPOL,209.913,GRANICA PAŃSTWA (BREST),211.655,
447,WARSZAWA ZACHODNIA - GRODZISK MAZOWIECKI,WARSZAWA ZACHODNIA,2.384,GRODZISK MAZOWIECKI,31.196,
448,WARSZAWA ZACHODNIA - WARSZAWA REMBERTÓW,WARSZAWA ZACHODNIA,-2.441,WARSZAWA REMBERTÓW,12.733,
449,WARSZAWA REMBERTÓW - ZIELONKA,WARSZAWA REMBERTÓW,12.355,ZIELONKA,21.557,
452,WARSZAWA WSCHODNIA OSOBOWA - WARSZAWA GROCHÓW T4G,WARSZAWA WSCHODNIA OSOBOWA,4.689,WARSZAWA GROCHÓW R780,6.449,
453,TERESPOL - GRANICA PAŃSTWA (BREST) T3,TERESPOL,210.075,GRANICA PAŃSTWA (BREST),211.655,
456,WARSZAWA PRAGA R 95 - CHOTOMÓW,WARSZAWA PRAGA R 95,15.908,CHOTOMÓW,30.286,
457,WARSZAWA WŁOCHY - WARSZAWA WŁOCHY T3Ł,WARSZAWA WŁOCHY,7.135,WARSZAWA WŁOCHY,8.370,
458,ŁÓDŹ FABRYCZNA - ŁÓDŹ WIDZEW,ŁÓDŹ FABRYCZNA,-0.139,ŁÓDŹ WIDZEW,3.346,
501,WARSZAWA PRAGA R 201 - WARSZAWA PRAGA R 15,WARSZAWA PRAGA R 201,-0.164,WARSZAWA PRAGA R 15,1.622,
502,WARSZAWA PRAGA R 6 - WARSZAWA WSCHODNIA TOWAROWA,WARSZAWA PRAGA R 6,0.060,WARSZAWA WSCHODNIA TOWAROWA,1.577,
503,WARSZAWA WILEŃSKA - WARSZAWA WSCHODNIA TOWAROWA,WARSZAWA WILEŃSKA,4.593,WARSZAWA WSCHODNIA TOWAROWA,7.768,
504,WARSZAWA PRAGA R22 - WARSZAWA PRAGA R25,WARSZAWA PRAGA,0.000,WARSZAWA PRAGA,0.080,
505,WARSZAWA PRAGA R 28 - WARSZAWA PRAGA R 30,WARSZAWA PRAGA,0.000,WARSZAWA PRAGA,0.080,
506,WARSZAWA WSCHODNIA TOWAROWA - WARSZAWA WAWER,WARSZAWA WSCHODNIA TOWAROWA,6.773,WARSZAWA WAWER,13.654,
507,WARSZAWA GŁÓWNA TOWAROWA - WARSZAWA GOŁĄBKI,WARSZAWA GŁÓWNA TOWAROWA,0.940,WARSZAWA GOŁĄBKI,2.523,
509,WARSZAWA GŁÓWNA TOWAROWA - WARSZAWA GDAŃSKA,WARSZAWA GŁÓWNA TOWAROWA,-1.341,WARSZAWA GDAŃSKA,10.256,
510,WARSZAWA GŁÓWNA TOWAROWA - WARSZAWA ALEJE JEROZOLIMSKIE,WARSZAWA GŁÓWNA TOWAROWA,1.232,WARSZAWA ALEJE JEROZOLIMSKIE,3.912,
511,LEGIONOWO - LEGIONOWO PIASKI,LEGIONOWO,0.000,LEGIONOWO PIASKI,1.020,
513,KRUSZE R7 - TŁUSZCZ,KRUSZE R7,0.000,TŁUSZCZ,3.260,
515,BIAŁYSTOK - BIAŁYSTOK STAROSIELCE,BIAŁYSTOK,0.000,BIAŁYSTOK STAROSIELCE,1.950,
516,BIAŁYSTOK R7 - BIAŁYSTOK STAROSIELCE R102,BIAŁYSTOK R7,0.000,BIAŁYSTOK STAROSIELCE R102,1.546,
517,PAPIERNIA - LAS SUWALSKI,PAPIERNIA,0.064,LAS SUWALSKI,2.664,
519,BIAŁYSTOK R606 - BIAŁYSTOK R603,BIAŁYSTOK R606,0.000,BIAŁYSTOK R603,1.098,
520,DOŁY R2 - DOŁY R12,DOŁY,0.000,DOŁY,1.251,
521,MIŃSK MAZOWIECKI R 4 - MIŃSK MAZOWIECKI R 101,MIŃSK MAZOWIECKI R4,0.000,MIŃSK MAZOWIECKI R101,1.190,
522,MIŃSK MAZOWIECKI R 102 - MIŃSK MAZOWIECKI R 45,MIŃSK MAZOWIECKI R102,0.000,MIŃSK MAZOWIECKI R45,2.205,
523,ŁUKÓW R3 - ŁUKÓW R13,ŁUKÓW R3,0.001,ŁUKÓW R13,2.292,
524,JAŹWINY - ŻOŁNIERKA,JAŹWINY,-0.018,ŻOŁNIERKA,1.063,
525,CZACHÓWEK POŁUDNIOWY - CZACHÓWEK WSCHODNI,CZACHÓWEK POŁUDNIOWY,-0.068,CZACHÓWEK WSCHODNI,1.644,
526,CZACHÓWEK ZACHODNI - CZACHÓWEK POŁUDNIOWY R3,CZACHÓWEK ZACHODNI,-0.017,CZACHÓWEK POŁUDNIOWY R3,1.256,
527,CZACHÓWEK POŁUDNIOWY R7 - CZACHÓWEK WSCHODNI,CZACHÓWEK POŁUDNIOWY R7,0.000,CZACHÓWEK WSCHODNI,1.805,Linia nieudostępniana od 23.02.2026 do 19.08.2026
528,CZACHÓWEK ZACHODNI - CZACHÓWEK POŁUDNIOWY,CZACHÓWEK ZACHODNI,0.180,CZACHÓWEK POŁUDNIOWY,1.288,
529,SKIERNIEWICE R3 - SKIERNIEWICE R310,SKIERNIEWICE R3,0.530,SKIERNIEWICE R310,1.797,
530,SKIERNIEWICE R95 - SKIERNIEWICE R86,SKIERNIEWICE R95,-0.141,SKIERNIEWICE R86,1.511,
531,ŁOWICZ GŁÓWNY R30 - ŁOWICZ PRZEDMIEŚCIE,ŁOWICZ GŁÓWNY,0.069,ŁOWICZ PRZEDMIEŚCIE,1.472,
532,ŁOWICZ GŁÓWNY R45 - ŁOWICZ PRZEDMIEŚCIE,ŁOWICZ GŁÓWNY,0.116,ŁOWICZ PRZEDMIEŚCIE,1.463,
533,ŁOWICZ GŁÓWNY R1 - ŁOWICZ GŁÓWNY R12,ŁOWICZ GŁÓWNY,0.000,ŁOWICZ GŁÓWNY,1.516,
534,KOLUSZKI - MIKOŁAJÓW,KOLUSZKI,0.624,MIKOŁAJÓW,5.453,
535,ŻAKOWICE POŁUDNIOWE R 7 - KOLUSZKI,ŻAKOWICE POŁUDNIOWE R 7,0.000,KOLUSZKI,1.411,
536,SŁOTWINY - KOLUSZKI R 155,SŁOTWINY,0.617,KOLUSZKI R 155,2.496,
537,ŻAKOWICE POŁUDNIOWE - SŁOTWINY,ŻAKOWICE POŁUDNIOWE,0.148,SŁOTWINY,2.908,
538,KOLUSZKI R 145 - KOLUSZKI R 154,KOLUSZKI R 145,-0.131,KOLUSZKI R 154,1.462,
539,ŁÓDŹ KALISKA TOWAROWA - RETKINIA,ŁÓDŹ KALISKA TOWAROWA,0.000,RETKINIA,1.715,
540,ŁÓDŹ CHOJNY - ŁÓDŹ WIDZEW,ŁÓDŹ CHOJNY,0.831,ŁÓDŹ WIDZEW,6.803,
541,ŁÓDŹ WIDZEW - ŁÓDŹ OLECHÓW,ŁÓDŹ WIDZEW,0.765,ŁÓDŹ OLECHÓW,7.367,
542,GAJEWNIKI - ZDUŃSKA WOLA KARSZNICE,BORSZEWICE,3.537,ZDUŃSKA WOLA KARSZNICE,7.451,
543,GAJEWNIKI - DIONIZÓW,GAJEWNIKI,0.074,DIONIZÓW,2.044,
544,ZAMKÓW - BORYSŁAWICE,ZAMKÓW,0.000,BORYSŁAWICE,1.144,
545,WARSZAWA PRAGA R2 - WARSZAWA GROCHÓW,WARSZAWA PRAGA R2,0.346,WARSZAWA GROCHÓW,2.234,
546,WARSZAWA WSCHODNIA TOWAROWA - WARSZAWA REMBERTÓW T6M,WARSZAWA WSCHODNIA TOWAROWA,6.166,WARSZAWA REMBERTÓW,10.062,
547,WARSZAWA PODSKARBIŃSKA - WARSZAWA WSCHODNIA TOWAROWA,WARSZAWA PODSKARBIŃSKA,6.146,WARSZAWA WSCHODNIA TOWAROWA,7.787,
548,WARSZAWA GDAŃSKA R 7 - WARSZAWA GDAŃSKA R 11,WARSZAWA GDAŃSKA,0.000,WARSZAWA GDAŃSKA,0.127,
549,WARSZAWA GDAŃSKA R 4 - WARSZAWA GDAŃSKA R 8,WARSZAWA GDAŃSKA,0.000,WARSZAWA GDAŃSKA,0.127,
550,ŁÓDŹ FABRYCZNA - ŁÓDŹ KALISKA TOR 1,ŁÓDŹ FABRYCZNA,5.077,ŁÓDŹ KALISKA,7.992,
551,ŁÓDŹ FABRYCZNA - ŁÓDŹ KALISKA (TOR 2),ŁÓDŹ FABRYCZNA,4.899,ŁÓDŹ KALISKA,6.712,
556,BIAŁYSTOK R602 -BIAŁYSTOK R41,BIAŁYSTOK R602,174.084,BIAŁYSTOK R41,175.723,
558,SKIERNIEWICE R24 - SKIERNIEWICE R402,SKIERNIEWICE R24,0.542,SKIERNIEWICE R402,3.646,
561,ZADĘBIE - ADAMPOL,ZADĘBIE,0.000,ADAMPOL,3.626,
562,ADAMPOL - LUBLIN TATARY LTB,ADAMPOL,0.000,LUBLIN TATARY LTB,2.503,
563,REJOWIEC ZACHODNI - REJOWIEC POŁUDNIOWY,REJOWIEC ZACHODNI,0.000,REJOWIEC POŁUDNIOWY,1.598,
565,CHARZEWICE - STALOWA WOLA ROZWADÓW TOWAROWY,CHARZEWICE,0.000,STALOWA WOLA ROZWADÓW TOWAROWY,0.955,Linia nieudostępniana od 16.03.2026 do 02.09.2026
566,SKARŻYSKO-KAMIENNA SKA - SKARŻYSKO KAMIENNA SKE,SKARŻYSKO-KAMIENNA SKA,-1.429,SKARŻYSKO-KAMIENNA SKE,2.320,
567,PIASKI - KIELCE HERBSKIE,PIASKI,0.000,KIELCE HERBSKIE,1.780,
568,SITKÓWKA NOWINY - SZCZUKOWICE,SITKÓWKA NOWINY,-2.032,SZCZUKOWICE,8.018,Linia nieudostępniana od 05.05.2026 do 31.10.2026
569,RADKOWICE - BRZEZINY,RADKOWICE,0.000,BRZEZINY,2.984,
570,PSARY - STARZYNY,PSARY,0.252,STARZYNY,3.005,
571,CZARNCA - KNAPÓWKA,CZARNCA,0.439,KNAPÓWKA,3.921,
572,WŁOSZCZOWA PÓŁNOC - ŻELISŁAWICE,WŁOSZCZOWA PÓŁNOC,-1.549,ŻELISŁAWICE,7.730,
573,IDZIKOWICE - RADZICE,IDZIKOWICE,0.631,RADZICE,5.098,
574,RADZICE 1 - IDZIKOWICE,RADZICE 1,-0.031,IDZIKOWICE,4.157,
575,SZELIGI - MARKÓW,SZELIGI,-0.167,MARKÓW,3.006,
576,WOLANÓW - ROŻKI,WOLANÓW,0.072,ROŻKI,4.220,
577,GARBATKA-LETNISKO - SIECIECHÓW,GARBATKA-LETNISKO,-0.470,SIECIECHÓW,7.519,
579,STAWY - DĘBLIN DB,STAWY,0.000,DĘBLIN DB,5.790,
580,WIEPRZ - WISŁA,WISŁA,0.000,WISŁA,0.715,
581,ŚWIDNIK - ŚWIDNIK PORT LOTNICZY,ŚWIDNIK,-0.526,ŚWIDNIK PORT LOTNICZY,3.169,
582,CZARNCA - WŁOSZCZOWA PÓŁNOC,CZARNCA,0.140,WŁOSZCZOWA PÓŁNOC,5.165,
585,RADOM GŁÓWNY - RADOM WSCHODNI,RADOM GŁÓWNY,-0.789,RADOM WSCHODNI,0.079,
588,LUBLIN RURY R3 - LUBLIN RURY R12,LUBLIN RURY,0.000,LUBLIN RURY,0.986,
601,KRAKÓW PRZEDMIEŚCIE - KRAKÓW GŁÓWNY R 326,KRAKÓW PRZEDMIEŚCIE,0.000,KRAKÓW GŁÓWNY R 326,1.188,
602,KRAKÓW PRZEDMIEŚCIE - KRAKÓW OLSZA,KRAKÓW PRZEDMIEŚCIE,0.000,KRAKÓW OLSZA,0.821,
603,KRAKÓW PROKOCIM TOWAROWY PRD - KRAKÓW BONARKA,KRAKÓW PROKOCIM TOWAROWY PRD,0.000,KRAKÓW BONARKA,7.104,
604,KRAKÓW PŁASZÓW - KRAKÓW PROKOCIM TOWAROWY PRA,KRAKÓW PŁASZÓW,-1.295,KRAKÓW PROKOCIM TOWAROWY PRA,0.550,
605,KRAKÓW PŁASZÓW - KRAKÓW PROKOCIM TOWAROWY PRB,KRAKÓW PŁASZÓW,-0.323,KRAKÓW PROKOCIM TOWAROWY PRB,3.965,
606,Kraków Prokocim Towarowy PrB - Kraków Bieżanów,Kraków Prokocim Towarowy PrB,0.000,Kraków Bieżanów,1.000,
607,RACIBOROWICE - DŁUBNIA,RACIBOROWICE,0.198,DŁUBNIA,1.007,
608,PODŁĘŻE R 201 - PODŁĘŻE R 101,PODŁĘŻE R 201,0.000,PODŁĘŻE R 101,1.564,
609,TARNÓW FILIA - TARNÓW WSCHÓD,TARNÓW FILIA,0.000,TARNÓW WSCHÓD,1.514,
611,RZESZÓW GŁÓWNY - RZESZÓW STARONIWA,RZESZÓW GŁÓWNY,0.000,RZESZÓW STARONIWA,0.866,
612,PRZEWORSK - PRZEWORSK GORLICZYNA,PRZEWORSK,0.000,PRZEWORSK GORLICZYNA,2.156,
613,ŻURAWICA ŻRC - HURKO,ŻURAWICA ŻRC,0.000,HURKO,6.325,
614,ŻURAWICA ŻRB - HURKO (SZ),ŻURAWICA ŻRB,-0.924,HURKO,7.617,
615,PRZEMYŚL GŁÓWNY - PRZEMYŚL BAKOŃCZYCE,PRZEMYŚL GŁÓWNY,0.000,PRZEMYŚL BAKOŃCZYCE,0.395,
617,ZAGÓRZ R 46 - ZAGÓRZ R 101,ZAGÓRZ R46,-0.551,ZAGÓRZ R101,0.628,Linia nieudostępniana przez cały rozkład jazdy
618,JASŁO TOWAROWA - SOBNIÓW,JASŁO TOWAROWA,0.000,SOBNIÓW,4.471,
619,STRÓŻE SR4 - STRÓŻE SR3,STRÓŻE R 103,0.000,STRÓŻE R 101,1.141,
621,KALWARIA ZEBRZYDOWSKA PÓŁNOC - KALWARIA ZEBRZYDOWSKA ZACHÓD,KALWARIA ZEBRZYDOWSKA PÓŁNOC,0.000,KALWARIA ZEBRZYDOWSKA ZACHÓD,0.446,
624,KRAKÓW ZABŁOCIE - KRAKÓW BONARKA,KRAKÓW ZABŁOCIE,0.002,KRAKÓW BONARKA,3.189,
625,SUCHA BESKIDZKA ZAMEK R21 - SUCHA BESKIDZKA ZAMEK R22,SUCHA BESKIDZKA ZAMEK,0.000,SUCHA BESKIDZKA ZAMEK,0.659,
626,ZACZERNIE - RZESZÓW JASIONKA MIĘDZYNARODOWY PORT LOTNICZY,ZACZERNIE,0.230,RZESZÓW JASIONKA MPL,5.243,
629,KRAKÓW GŁÓWNY - KRAKÓW BIEŻANÓW,KRAKÓW GŁÓWNY,-0.742,KRAKÓW BIEŻANÓW,9.182,
633,CHABÓWKA R 101 - CHABÓWKA R 102,CHABÓWKA R 101,0.000,CHABÓWKA R 102,0.571,
642,PACZKOWO PODG - BOCZNICA CLIP,PACZKOWO PODG,0.000,BOCZNICA CLIP,1.074,
651,RADOSZOWY - CHORZÓW BATORY,RADOSZOWY,0.002,CHORZÓW BATORY,3.547,
652,KATOWICE MUCHOWIEC KMB - STASZIC,KATOWICE MUCHOWIEC KMB,-0.006,PODG STASZIC,1.748,
653,KATOWICE MUCHOWIEC - KATOWICE OCHOJEC KOC,KATOWICE MUCHOWIEC,-0.006,KATOWICE OCHOJEC KOC,1.767,
654,SZABELNIA - KATOWICE SZOPIENICE PÓŁNOCNE,SZABELNIA,0.000,KATOWICE SZOPIENICE PÓŁNOCNE,1.103,
655,MYSŁOWICE MWB - KATOWICE MUCHOWIEC KMA,MYSŁOWICE MwB,0.000,KATOWICE MUCHOWIEC KMA,7.051,"Linia nieudostępniana od km 2,070 do km 7,051"
656,KATOWICE - BRYNÓW,KATOWICE,-0.025,BRYNÓW,3.005,
657,KATOWICE SZOPIENICE PÓŁNOCNE - KATOWICE MUCHOWIEC KMA,KATOWICE SZOPIENICE PÓŁNOCNE,0.243,KATOWICE MUCHOWIEC KMA,9.657,
658,STAWISKA SK1 R 3 - STAWISKA SK1 R 2,STAWISKA SK1 R3,0.000,STAWISKA SK1 R2,0.466,
659,BĘDZIN - KATOWICE,BĘDZIN,-0.485,KATOWICE,4.590,
660,SOSNOWIEC POŁUDNIOWY - KATOWICE SZOPIENICE POŁUDNIOWE,SOSNOWIEC POŁUDNIOWY,-0.399,KATOWICE SZOPIENICE POŁUDNIOWE,3.242,
661,DĄBROWA GÓRNICZA TOWAROWA DTA R5 - KOZIOŁ,DĄBROWA GÓRNICZA TOWAROWA DTA R5,0.000,KOZIOŁ,2.966,
663,SOSNOWIEC KAZIMIERZ SKZ2 - SOSNOWIEC KAZIMIERZ SKZ1,SOSNOWIEC KAZIMIERZ SKZ2,0.000,SOSNOWIEC KAZIMIERZ SKZ1,0.957,
665,SOSNOWIEC MACZKI - EUROTERMINAL SŁAWKÓW,SOSNOWIEC MACZKI,0.000,EUROTERMINAL SŁAWKÓW,0.017,
666,SOSNOWIEC MACZKI SMA - JAWORZNO SZCZAKOWA JSC,SOSNOWIEC MACZKI SMA,-0.055,JAWORZNO SZCZAKOWA JSC,2.663,
667,SOSNOWIEC MACZKI - DŁUGOSZYN,SOSNOWIEC MACZKI,0.000,DŁUGOSZYN,1.864,
668,JAWORZNO SZCZAKOWA JSB - DŁUGOSZYN,JAWORZNO SZCZAKOWA JSB,-0.061,DŁUGOSZYN,1.941,
669,Jaworzno Szczakowa JSE - Pieczyska T4P,Jaworzno Szczakowa JSE,0.000,Pieczyska T4P,1.000,
670,BOROWA GÓRKA - JAWORZNO SZCZAKOWA T4B,BOROWA GÓRKA,-0.092,JAWORZNO SZCZAKOWA JSC,1.597,
671,GLIWICE GLA - GLIWICE T3,GLIWICE GLA,2.641,GLIWICE,4.900,
672,MACIEJÓW PÓŁNOCNY - ZABRZE MAKOSZOWY KOPALNIA,MACIEJÓW PÓŁNOCNY,0.000,ZABRZE MAKOSZOWY KOPALNIA,3.513,
675,SZOBISZOWICE - GLIWICE PORT (T3),SZOBISZOWICE,0.000,GLIWICE PORT,0.796,
676,GLIWICE SOŚNICA R 1 - GLIWICE SOŚNICA R101,GLIWICE SOŚNICA R1,0.000,GLIWICE SOŚNICA R101,1.030,
677,ZABRZE MAKOSZOWY KOPALNIA - MIZERÓW,ZABRZE MAKOSZOWY KOPALNIA,0.000,MIZERÓW,2.137,
678,Borki - Katowice Dąbrówka Mała,Borki,0.000,Katowice Dąbrówka Mała,1.000,
679,CHAŁUPKI - GRANICA PAŃSTWA,CHAŁUPKI,53.293,GRANICA PAŃSTWA,53.864,
680,KĘDZIERZYN-KOŹLE KKD - KŁODNICA,KĘDZIERZYN-KOŹLE KKD,-1.456,KŁODNICA,2.309,
681,NOWA WIEŚ - STARE KOŹLE,NOWA WIEŚ,0.000,STARE KOŹLE,3.390,
682,NOWA WIEŚ - KĘDZIERZYN KOŹLE KKB,NOWA WIEŚ,0.000,KĘDZIERZYN KOŹLE KKB,2.520,
684,Borowiany - Krupski Młyn,Borowiany,0.000,Krupski Młyn,1.000,
685,DRONIOWICZKI - JAWORNICA,DRONIOWICZKI,-0.085,JAWORNICA,3.232,
686,HERBY NOWE - LISWARTA,HERBY NOWE,-0.519,LISWARTA,2.173,
687,KALINA - HERBY STARE,KALINA,-0.017,HERBY STARE,2.323,
688,RYBNIK TOWAROWY RTA - RYBNIK RBC,RYBNIK TOWAROWY RTA,-0.045,RYBNIK RBC,1.033,
689,STUDZIONKA - DĘBINA,STUDZIONKA,0.000,DĘBINA,2.507,
691,NĘDZA WIEŚ - TURZE,NĘDZA WIEŚ,-0.011,TURZE,1.474,
693,CZECHOWICE-DZIEDZICE R827 - BRONÓW PODG,CZECHOWICE-DZIEDZICE,0.014,BRONÓW PODG,7.469,
694,BRONÓW PODG - BIENIOWIEC,BRONÓW PODG,0.000,BIENIOWIEC,3.217,
695,CIESZYN R 103 - CIESZYN R 102,CIESZYN R103,0.000,CIESZYN R102,0.657,
696,TYCHY MIASTO - TYCHY LODOWISKO,TYCHY MIASTO,0.000,TYCHY LODOWISKO,0.505,
698,MYSŁOWICE KOSZTOWY R 103 - MYSŁOWICE KOSZTOWY R 205,MYSŁOWICE KOSZTOWY R103,0.000,MYSŁOWICE KOSZTOWY R205,1.703,
699,OŚWIĘCIM OWC - OŚWIĘCIM R15,OŚWIĘCIM R3,0.000,OŚWIĘCIM R15,0.499,
700,CZĘSTOCHOWA - CZĘSTOCHOWA STRADOM,CZĘSTOCHOWA,-0.337,CZĘSTOCHOWA STRADOM,2.205,
701,CZĘSTOCHOWA - KUCELINKA,CZĘSTOCHOWA,0.075,KUCELINKA,6.597,
702,CZĘSTOCHOWA TOWAROWA - CZĘSTOCHOWA STRADOM,CZĘSTOCHOWA TOWAROWA,0.217,CZĘSTOCHOWA STRADOM,1.966,
703,KUCELINKA - CZĘSTOCHOWA,KUCELINKA,0.008,CZĘSTOCHOWA,5.706,
704,HERBY STARE - HERBY NOWE,HERBY STARE,0.294,HERBY NOWE,3.475,
705,ZAWIERCIE R125 - ZAWIERCIE R97,ZAWIERCIE R125,0.000,ZAWIERCIE R97,1.292,
708,CHORZÓW BATORY - CHORZÓW MIASTO,CHORZÓW BATORY,-0.262,CHORZÓW MIASTO,3.531,
709,KĘDZIERZYN-KOŹLE - STARE KOŹLE,KĘDZIERZYN-KOŹLE,-0.434,STARE KOŹLE,4.211,
711,MACIEJÓW PÓŁNOCNY - GLIWICE T4,MACIEJÓW PÓŁNOCNY,-0.800,GLIWICE,2.035,
713,KATOWICE - CHORZÓW BATORY,KATOWICE,0.000,CHORZÓW BATORY,4.504,"Linia nieudostępniana od km 0,170 do km 2,000"
714,JAWORZNO SZCZAKOWA JSE - PIECZYSKA T3P,JAWORZNO SZCZAKOWA JSE,0.000,PIECZYSKA,4.323,
715,BOROWA GÓRKA - JAWORZNO SZCZAKOWA T3B,BOROWA GÓRKA,0.000,JAWORZNO SZCZAKOWA JSB,3.515,
717,GÓRKI ŚCIERNIE - FIAT AUTO POLAND,GÓRKI ŚCIERNIE,-0.131,FIAT AUTO POLAND,-0.061,
719,JĘZOR CENTRALNY JCA - SOSNOWIEC JĘZOR GT,JĘZOR CENTRALNY JCA,1.332,SOSNOWIEC JĘZOR GT,1.607,
720,SOSNOWIEC JĘZOR - SOSNOWIEC JĘZOR GT,SOSNOWIEC JĘZOR,0.000,SOSNOWIEC JĘZOR GT,0.555,
721,GDAŃSK POŁUDNIOWY - GDAŃSK OLSZYNKA R1,GDAŃSK POŁUDNIOWY,-0.611,GDAŃSK OLSZYNKA R1,2.573,
722,GDAŃSK ZASPA TOWAROWA R250 - GDAŃSK WIŚLANY,GDAŃSK ZASPA TOWAROWA R250,0.000,GDAŃSK WIŚLANY,1.841,
723,GDYNIA CHYLONIA - GDYNIA PORT GPF,GDYNIA CHYLONIA,-0.400,GDYNIA PORT GPB,2.092,
724,GDYNIA PORT GPA - GDYNIA PORT BCT,GDYNIA PORT GPA,0.000,GDYNIA PORT BCT,3.084,"Linia nieudostępniana od km 0,301 do km 0,448"
725,GDYNIA GŁÓWNA R 21 - GDYNIA PORT GPA,GDYNIA GŁÓWNA R21,-0.164,GDYNIA PORT GPA,2.332,
726,TCZEW R 71 - ZAJĄCZKOWO TCZEWSKIE ZTB,TCZEW R 71,0.535,ZAJĄCZKOWO TCZEWSKIE ZTB,3.480,
727,TCZEW - MALINOWO,TCZEW,0.953,MALINOWO,2.185,
728,TCZEW R 46 - ZAJĄCZKOWO TCZEWSKIE ZTB,TCZEW R46,-0.220,ZAJĄCZKOWO TCZEWSKIE ZTB,3.548,
729,GÓRKI - ZAJĄCZKOWO TCZEWSKIE,GÓRKI,-0.017,ZAJĄCZKOWO TCZEWSKIE,11.098,
730,ZAJĄCZKOWO TCZEWSKIE ZTD - TCZEW SUCHOSTRZYGI,ZAJĄCZKOWO TCZEWSKIE ZTD,-0.022,TCZEW SUCHOSTRZYGI,6.562,
731,MALINOWO - ZAJĄCZKOWO TCZEWSKIE ZTB,MALINOWO,0.000,ZAJĄCZKOWO TCZEWSKIE ZTB,2.364,
732,TCZEW POŁUDNIE - TCZEW WISŁA,TCZEW POŁUDNIE,0.000,TCZEW WISŁA,0.848,
734,NIESZAWKA - TORUŃ TOWAROWY TRB,NIESZAWKA,-0.055,TORUŃ TOWAROWY TRB,2.474,
735,GÓRKI - ZAJĄCZKOWO TCZEWSKIE ZTA,GÓRKI,-0.075,ZAJĄCZKOWO TCZEWSKIE ZTA,7.610,
737,PONĘTÓW - BARŁOGI,PONĘTÓW,-0.238,BARŁOGI,3.637,
739,ZDUŃSKA WOLA KARSZNICE - ZDUŃSKA WOLA,ZDUŃSKA WOLA KARSZNICE,-0.300,ZDUŃSKA WOLA,5.205,
740,PONĘTÓW - ZAMKÓW,PONĘTÓW,-1.114,ZAMKÓW,2.753,
741,MIMOWOLA - JAKSICE,MIMOWOLA,-0.010,JAKSICE,8.464,
742,INOWROCŁAW - INOWROCŁAW RĄBINEK,INOWROCŁAW,-0.203,INOWROCŁAW RĄBINEK,6.578,
743,LIPOWA TUCHOLSKA - SZLACHTA,LIPOWA TUCHOLSKA,0.338,SZLACHTA,1.711,
745,BYDGOSZCZ GŁÓWNA - CZYŻKÓWKO,BYDGOSZCZ GŁÓWNA,0.550,CZYŻKÓWKO,2.604,
747,SZYMANY - SZYMANY LOTNISKO,SZYMANY,0.000,SZYMANY LOTNISKO,1.569,
748,CHEŁM - CHEŁM WSCHODNI,CHEŁM,0.824,CHEŁM WSCHODNI,1.910,
749,LEGNICA WSCHÓD - LEGNICA,LEGNICA WSCHÓD,0.000,LEGNICA,2.335,
750,WROCŁAW BROCHÓW WBA - STADION,WROCŁAW BROCHÓW WBA,1.542,STADION,12.771,
751,WROCŁAW GĄDÓW - WROCŁAW ZACHODNI,WROCŁAW GĄDÓW,0.297,WROCŁAW ZACHODNI,6.854,
752,WROCŁAW GĄDÓW - WROCŁAW POPOWICE WP3,WROCŁAW GĄDÓW,-0.354,WROCŁAW POPOWICE WP3,2.762,
753,GRABISZYN - WROCŁAW GĄDÓW,GRABISZYN,0.122,WROCŁAW GĄDÓW,2.391,
754,WROCŁAW POPOWICE WP1 - WROCŁAW POPOWICE WP4,WROCŁAW POPOWICE WP1,0.000,WROCŁAW POPOWICE WP4,1.384,
755,WROCŁAW POPOWICE WP4 - WROCŁAW POPOWICE WP3,WROCŁAW POPOWICE WP4,0.000,WROCŁAW POPOWICE WP3 (ŁĄKI),0.993,
756,STADION - WROCŁAW POPOWICE WP4,STADION,-0.086,WROCŁAW POPOWICE WP4,4.563,
757,WROCŁAW ŚWIEBODZKI - WROCŁAW MUCHOBÓR,WROCŁAW ŚWIEBODZKI,0.175,WROCŁAW MUCHOBÓR,4.107,"Linia nieudostępniana od km 0,175 do km 1,215"
758,STADION - WROCŁAW MUCHOBÓR,STADION,0.000,WROCŁAW MUCHOBÓR,3.357,
759,WROCŁAW GĄDÓW - WROCŁAW NOWY DWÓR,WROCŁAW GĄDÓW,0.080,WROCŁAW NOWY DWÓR,1.686,
761,GRABISZYN - WROCŁAW ŚWIEBODZKI PGLP,GRABISZYN,-0.076,WROCŁAW ŚWIEBODZKI PGLP,0.767,
763,WROCŁAW BROCHÓW WBB - WROCŁAW GŁÓWNY WGA,WROCŁAW BROCHÓW WBB,-0.106,WROCŁAW GŁÓWNY WGA,5.553,
764,SIECHNICE - WROCŁAW BROCHÓW WBB,SIECHNICE,-0.179,WROCŁAW BROCHÓW WBB,6.285,
765,WROCŁAW BROCHÓW WBB - LAMOWICE,WROCŁAW BROCHÓW WBB,2.069,LAMOWICE,4.454,
766,ŁUKANÓW - DĄBROWA OLEŚNICKA,ŁUKANÓW,0.000,DĄBROWA OLEŚNICKA,4.026,
770,DĘBLIN R11 - DĘBLIN R273,DĘBLIN R11,0.000,DĘBLIN R273,4.146,
771,ŚWIDNICA PRZEDMIEŚCIE - ŚWIDNICA MIASTO,ŚWIDNICA PRZEDMIEŚCIE,-0.645,ŚWIDNICA MIASTO,2.890,
773,BOGUSZÓW GORCE - BOGUSZÓW GORCE TOWAROWY,BOGUSZÓW GORCE,-0.284,BOGUSZÓW GORCE TOWAROWY,1.821,"Linia nieudostępniana od km 0,655 do km 1,821"
776,MARCISZÓW - WOJCIESZÓW GÓRNY,MARCISZÓW,0.239,WOJCIESZÓW GÓRNY,15.140,
778,ZGORZELEC R1 - ZGORZELEC R11,ZGORZELEC R1,-0.012,ZGORZELEC R11,1.163,
779,STUDNISKA - LAS,STUDNISKA,0.000,LAS,0.987,
780,WILKA R3 - WILKA R2,WILKA R3,0.000,WILKA R2,0.873,
783,ŁAPY R3 - ŁAPY R44,ŁAPY R3,151.274,ŁAPY R44,154.533,
784,WARSZAWA GŁÓWNA TOWAROWA R83 - WARSZAWA ZACHODNIA R305,WARSZAWA GŁÓWNA TOWAROWA,0.239,WARSZAWA ZACHODNIA,4.280,"Linia nieudostępniana od km 1,374 do km 3,480"
786,GRANICA PAŃSTWA (TRZCINIEC ZGORZELECKI) - BOGATYNIA,GR. PAŃSTWA (KRZEWINA ZGORZ.),24.991,BOGATYNIA,33.333,"Linia nieudostępniana od km 31,209 do km 33,333"
788,WÓLKA OKOPSKA - DANIEL,WÓLKA OKOPSKA,0.000,DANIEL,3.099,
789,DOROHUSK - DAMAZY (SZ),DOROHUSK,-1.389,DAMAZY,3.708,
790,CZECHOWICE DZIEDZICE R702 - CZECHOWICE DZIEDZICE R811,CZECHOWICE DZIEDZICE R702,0.000,CZECHOWICE DZIEDZICE R811,3.247,
800,POZNAŃ FRANOWO PFD - POZNAŃ FRANOWO PFB,POZNAŃ FRANOWO PFD,0.000,POZNAŃ FRANOWO PFB,0.275,
801,POZNAŃ STAROŁĘKA PSK - POZNAŃ GÓRCZYN,POZNAŃ STAROŁĘKA PSK,0.000,POZNAŃ GÓRCZYN,4.126,
802,POZNAŃ STAROŁĘKA PSK - LUBOŃ K. POZNANIA,POZNAŃ STAROŁĘKA PSK,0.000,LUBOŃ K. POZNANIA,4.705,
803,POZNAŃ PIĄTKOWO - SUCHY LAS,POZNAŃ PIĄTKOWO,-1.055,SUCHY LAS,1.145,
804,POZNAŃ ANTONINEK - NOWA WIEŚ POZNAŃSKA,POZNAŃ ANTONINEK,0.311,NOWA WIEŚ POZNAŃSKA,1.822,
805,SWARZĘDZ - STARY MŁYN,SWARZĘDZ,0.000,STARY MŁYN,1.453,
806,POZNAŃ FRANOWO PFD - NOWA WIEŚ POZNAŃSKA,POZNAŃ FRANOWO PFD,0.000,NOWA WIEŚ POZNAŃSKA,4.082,
807,SOKOŁOWO WRZESIŃSKIE - WRZEŚNIA,SOKOŁOWO WRZESIŃSKIE,0.009,WRZEŚNIA,2.139,
808,WRZEŚNIA - PODSTOLICE,WRZEŚNIA,-1.109,PODSTOLICE,7.041,
809,BARŁOGI - BORYSŁAWICE,BARŁOGI,-0.640,BORYSŁAWICE,1.901,
810,ZDUŃSKA WOLA - DIONIZÓW,ZDUŃSKA WOLA,0.884,DIONIZÓW,3.304,
811,STARY STAW - FRANKLINÓW,STARY STAW,0.031,FRANKLINÓW,1.497,
812,KĘPNO R 5 - HANULIN R 39,KĘPNO R5,-0.326,HANULIN R39,3.449,
813,KĘPNO KP1 - HANULIN R 5,KĘPNO KP1,0.000,HANULIN R5,1.203,
814,KĘPNO R 38 - HANULIN R 2,KĘPNO R38,0.000,HANULIN R2,1.419,
815,DURZYN - KROTOSZYN,DURZYN,0.158,KROTOSZYN,2.518,
816,KROTOSZYN - OSUSZ,KROTOSZYN,-0.594,OSUSZ,2.970,
819,CHLASTAWA - KOSIECZYN,CHLASTAWA,0.000,KOSIECZYN,4.866,
820,CHLASTAWA - DĄBRÓWKA ZBĄSKA,CHLASTAWA,0.000,DĄBRÓWKA ZBĄSKA,4.947,
821,JERZMANICE LUBUSKIE - RZEPIN RZB,JERZMANICE LUBUSKIE,-0.013,RZEPIN RZB,6.599,
822,RZEPIN RZB - DRZEŃSKO,RZEPIN RZB,0.239,DRZEŃSKO,2.973,
823,POZNAŃ FRANOWO PFD - STARY MŁYN,POZNAŃ FRANOWO PFD,0.000,STARY MŁYN,4.714,Linia nieudostępniana od 28.09.2026
824,POKRZYWNO - POZNAŃ FRANOWO PFD,POKRZYWNO,-0.052,POZNAŃ FRANOWO PFD,2.481,
826,JAROCIN R 10 - JAROCIN R 16 T111,JAROCIN R10,0.000,JAROCIN R16,0.593,
827,KOSTRZYN R 5 - KOSTRZYN R 208 T13/15a,KOSTRZYN R5,0.000,KOSTRZYN R208,1.861,
828,KOSTRZYN R207 - KOSTRZYN R572/T100,KOSTRZYN R207,0.000,KOSTRZYN R572,0.935,
829,WARSZAWA PRAGA R 99 - WARSZAWA PRAGA R 100,WARSZAWA PRAGA R99,16.082,WARSZAWA PRAGA R100,16.177,
830,ŁÓDŹ OLECHÓW ŁOA - ŁÓDŹ OLECHÓW ŁOC (ŁOA - ŁOB - ŁOC),ŁÓDŹ OLECHÓW ŁOA,10.475,ŁÓDŹ OLECHÓW ŁOC,16.477,
831,ŁÓDŹ OLECHÓW ŁOC - ŁÓDŹ OLECHÓW ŁOA,ŁÓDŹ OLECHÓW ŁOC,5.783,ŁÓDŹ OLECHÓW ŁOA,10.338,
832,ŁÓDŹ OLECHÓW ŁOC - ŁÓDŹ OLECHÓW (ŁOC - ŁOLAS - ELEKTROWOZOWNIA),ŁÓDŹ OLECHÓW ŁOC,7.016,ŁÓDŹ OLECHÓW ELEKTROWOZOWNIA,7.335,
833,WARSZAWA PRAGA R 41 - WARSZAWA PRAGA R 92,WARSZAWA PRAGA,9.744,WARSZAWA PRAGA,15.215,
834,WARSZAWA PRAGA R 33 - WARSZAWA PRAGA R 97,WARSZAWA PRAGA,9.531,WARSZAWA PRAGA,16.056,
835,WARSZAWA PRAGA R 26 - WARSZAWA PRAGA R 106,WARSZAWA PRAGA,9.414,WARSZAWA PRAGA,9.988,
836,BIAŁYSTOK R23 - BIAŁYSTOK R197,BIAŁYSTOK R23,175.124,BIAŁYSTOK R197,177.691,
837,BIAŁYSTOK R32 - BIAŁYSTOK R126,BIAŁYSTOK R32,175.236,BIAŁYSTOK R126,177.184,
838,WARSZAWA PRAGA R 70 - WARSZAWA PRAGA R 77,WARSZAWA PRAGA R 70,11.764,WARSZAWA PRAGA R 77,12.785,
840,KIELCE HERBSKIE KHA - KIELCE HERBSKIE KHB,KIELCE HERBSKIE KHA,0.000,KIELCE HERBSKIE KHB,4.088,
841,SKARŻYSKO-KAMIENNA SKA - SKARŻYSKO-KAMIENNA SY,SKARŻYSKO-KAMIENNA SKA,0.000,SKARŻYSKO-KAMIENNA SY,4.684,
842,KIELCE HERBSKIE KHA R 230 - KIELCE HERBSKIE KHA R 237,KIELCE HERBSKIE KHA R230,0.000,KIELCE HERBSKIE KHA R237,0.318,
843,LEGIONOWO R 1 - LEGIONOWO R 2,LEGIONOWO R 1,23.836,LEGIONOWO R 2,24.010,
844,WARSZAWA ANTONINÓW R 103 - WARSZAWA WSCHODNIA TOWAROWA R 51,WARSZAWA ANTONINÓW R 103,6.688,WARSZAWA WSCHODNIA TOWAROWA R 51,7.752,
846,GDAŃSK OLSZYNKA - BOCZNICA RAFINERIA GDAŃSKA,GDAŃSK OLSZYNKA,0.000,BOCZNICA RAFINERIA GRAŃSKA,0.120,
849,WARSZAWA ZACHODNIA R82 - WARSZAWA ZACHODNIA R100 T102C,WARSZAWA ZACHODNIA R82,3.709,WARSZAWA ZACHODNIA R100,4.789,
850,WARSZAWA ZACHODNIA R99 - WARSZAWA ZACHODNIA R101 T82,WARSZAWA ZACHODNIA R99,4.285,WARSZAWA ZACHODNIA R101,5.327,
851,SZCZECIN WSTOWO - SZCZECIN GUMIEŃCE,SZCZECIN WSTOWO,0.065,SZCZECIN GUMIEŃCE,2.309,
852,RZEPIN R143 - RZEPIN R77 T178,RZEPIN R143,0.000,RZEPIN R77,0.738,
854,SZCZECIN PORT CENTRALNY SPB - DZIEWOKLICZ,SZCZECIN PORT CENTRALNY SPB,-0.981,DZIEWOKLICZ,4.176,
855,REGALICA - SZCZECIN PORT CENTRALNY SPA,REGALICA,-0.023,SZCZECIN PORT CENTRALNY SPA,1.134,
856,TARNOWSKIE GÓRY TGB R391 - TARNOWSKIE GÓRY TGB R582,TARNOWSKIE GÓRY TGB R391,35.635,TARNOWSKIE GÓRY TGB R582,37.307,
857,SZCZECIN DĄBIE SDA - SZCZECIN DĄBIE SDC,SZCZECIN DĄBIE SDA,-0.187,SZCZECIN DĄBIE SDC,2.153,
858,HAJNÓWKA R 1 - HAJNÓWKA R 71,HAJNÓWKA R 1,119.322,HAJNÓWKA R 71,121.029,
859,SZCZYGŁOWICE KOPALNIA - KWK SZCZYGŁOWICE,SZCZYGŁOWICE KOPALNIA,0.000,KWK SZCZYGŁOWICE,0.149,
860,TRZEBINIA TSA - TRZEBINIA,TRZEBINIA TSA,0.000,TRZEBINIA,2.785,
861,ŻURAWICA ŻRA - ŻURAWICA ŻRB,ŻURAWICA ŻRA,0.000,ŻURAWICA ŻRB,2.868,
862,RYBNIK TOWAROWY RTB - RADLIN OBSZARY,RYBNIK TOWAROWY RTB,-1.414,RADLIN OBSZARY,0.000,
863,KNURÓW - KWK BUDRYK,KNURÓW,-1.216,KWK BUDRYK,0.000,
864,KATOWICE LIGOTA - KWK WUJEK,KATOWICE LIGOTA,-0.828,KWK WUJEK,0.000,Linia nieudostępniana przez cały rozkład jazdy
865,MAŁASZEWICZE MS - MAŁASZEWICZE CENTRALNE (MSC),MAŁASZEWICZE MS,197.791,MAŁASZEWICZE CENTRALNE (MSC),198.539,
867,MAŁASZEWICZE CENTRALNE (MSC) - MAŁASZEWICZE (MS),MAŁASZEWICZE CENTRALNE (MSC),201.984,MAŁASZEWICZE (MS),202.185,
869,WAŁBRZYCH SZCZAWIENKO - WAŁBRZYCH ZESPÓŁ BOCZNIC,WAŁBRZYCH SZCZAWIENKO,-0.450,WAŁBRZYCH ZESPÓŁ BOCZNIC,2.400,
872,NOWA WIEŚ - KĘDZIERZYN KOŹLE KKC,NOWA WIEŚ,61.526,KĘDZIERZYN KOŹLE KKC,63.089,
873,PAWŁOWICE ŚLĄSKIE - PAWŁOWICE GÓRNICZE,PAWŁOWICE ŚLĄSKIE,0.000,PAWŁOWICE GÓRNICZE,0.104,
874,KLESZCZÓW - CIEPŁOWNIA,KLESZCZÓW,0.000,CIEPŁOWNIA,1.622,
876,WODZISŁAW ŚLĄSKI - RADLIN MARCEL,WODZISŁAW ŚLĄSKI,0.000,RADLIN MARCEL,1.351,
877,RADLIN OBSZARY - RADLIN MARCEL,RADLIN OBSZARY,0.000,RADLIN MARCEL,0.460,
880,CZERWIONKA - KWK DĘBIEŃSKO,CZERWIONKA,0.000,CZERWIONKA DĘBIEŃSKO,1.639,
882,OŚWIĘCIM - KWK CZECZOTT,OŚWIĘCIM,-1.588,KWK CZECZOTT,0.478,
883,MYSŁOWICE KOSZTOWY MKSC - KWK WESOŁA,MYSŁOWICE KOSZTOWY MKSC,0.000,KWK WESOŁA,2.734,
884,LĘDZINY - KWK ZIEMOWIT,LĘDZINY,0.000,KWK ZIEMOWIT,0.051,
885,NOWY BIERUŃ - KWK PIAST,NOWY BIERUŃ,0.000,KWK PIAST,0.103,
886,DWORY - ZAKŁADY CHEMICZNE DWORY,DWORY,0.000,ZAKŁADY CHEMICZNE DWORY,0.104,
888,BYTOM PÓŁNOCNY - CAT MOSOLF,BYTOM PÓŁNOCNY,0.000,CAT MOSOLF,0.065,
890,BIERAWA - ZAKŁADY AZOTOWE KĘDZIERZYN,BIERAWA,0.000,ZAKŁADY AZOTOWE KĘDZIERZYN,1.629,
891,RASZOWA - ZDZIESZOWICE,RASZOWA,0.000,ZDZIESZOWICE,4.149,
892,TARNOWSKIE GÓRY TGE R922 - TARNOWSKIE GÓRY TGE R934,TARNOWSKIE GÓRY TGE R922,0.000,TARNOWSKIE GÓRY TGE R934,1.121,
893,ZABRZE MAKOSZOWY - KWK MAKOSZOWY - ZABRZE MAKOSZOWY KOPALNIA,ZABRZE MAKOSZOWY,0.000,ZABRZE MAKOSZOWY KOPALNIA,3.081,"Linia nieudostępniana od km 0,727 do km 1,602"
894,RUDA BIELSZOWICE - KWK HALEMBA,RUDA BIELSZOWICE,-0.100,KWK HALEMBA,0.116,
898,STASZIC - KWK STASZIC,STASZIC,0.000,KWK STASZIC,0.117,
900,OSTROŁĘKA - GOWORKI,OSTROŁĘKA,0.000,GOWORKI,0.295,
901,WARSZAWA WSCHODNIA TOWAROWA - WARSZAWA REMBERTÓW T5M,WARSZAWA WSCHODNIA TOWAROWA,6.110,WARSZAWA REMBERTÓW,10.013,
902,WARSZAWA WSCHODNIA - WARSZAWA WSCHODNIA TOWAROWA T2P,WARSZAWA WSCHODNIA,4.950,WARSZAWA WSCHODNIA TOWAROWA,7.876,
903,"WARSZAWA PODSKARBIŃSKA - WARSZAWA GROCHÓW T3G,5G",WARSZAWA PODSKARBIŃSKA,1.457,WARSZAWA GROCHÓW ELEKTROWOZOWNIA,2.239,
905,ŚNIADOWO R41 - ŚNIADOWO R31,ŚNIADOWO R41,0.000,ŚNIADOWO R31,0.889,
906,CHOTYŁÓW - MĘTRAKI,CHOTYŁÓW,-0.149,BÓR,-0.020,
911,BERNADCZYZNA - OSKIERKI,BERNADCZYZNA,1.491,OSKIERKI,3.759,
913,NAREWKA - PLANTA,NAREWKA,-1.293,PLANTA,2.501,
918,WARSZAWA BEMA - WARSZAWA ZACHODNIA,WARSZAWA BEMA,1.884,WARSZAWA ZACHODNIA,3.354,
919,WARSZAWA ZACHODNIA - WARSZAWA OCHOTA POSTOJOWA,WARSZAWA ZACHODNIA,3.205,WARSZAWA OCHOTA POSTOJOWA,3.465,
920,WARSZAWA ZACHODNIA R 83 - WARSZAWA ZACHODNIA R 303,WARSZAWA ZACHODNIA R 84,3.946,WARSZAWA ZACHODNIA R 303,4.411,
923,BUFAŁOWO WSCHÓD - BUFAŁOWO S (SZ),BUFAŁOWO WSCHÓD,0.000,BUFAŁOWO S,1.602,
930,LUBLIN GŁÓWNY - LUBLIN TATARY,LUBLIN GŁÓWNY,0.756,LUBLIN TATARY,3.022,
931,HRUBIESZÓW MIASTO - HRUBIESZÓW TOWAROWY,HRUBIESZÓW MIASTO,0.000,HRUBIESZÓW TOWAROWY,2.883,
932,DANIEL - DAMAZY,DANIEL,0.000,DAMAZY,1.509,
933,CHMIELÓW - MACHÓW,CHMIELÓW,-1.129,MACHÓW,0.225,
934,MAŁOGOSZCZ MŁ1 - MAŁOGOSZCZ PARK TOWAROWY,MAŁOGOSZCZ MŁ1,0.000,MAŁOGOSZCZ MŁ,2.015,
935,LUBLIN GŁÓWNY R8 - LUBLIN GŁÓWNY R155,LUBLIN GŁÓWNY,-1.436,LUBLIN GŁÓWNY R155,0.832,
936,SKARŻYSKO-KAMIENNA SKB - SKARŻYSKO-KAMIENNA SY,SKARŻYSKO-KAMIENNA SKB,0.330,SKARŻYSKO-KAMIENNA SY,2.397,
937,WARSZAWA OKĘCIE - JEZIORNA,WARSZAWA OKĘCIE,-3.200,WARSZAWA OKĘCIE R 96,0.000,
940,KRAKÓW NOWA HUTA NHB - KRAKÓW KRZESŁAWICE,KRAKÓW NOWA HUTA NHB,0.000,KRAKÓW KRZESŁAWICE,8.802,
941,KRAKÓW NOWA HUTA NHE - KOŚCIELNIKI T1001,KRAKÓW NOWA HUTA NHE,2.785,KOŚCIELNIKI,4.066,
942,KOŚCIELNIKI - KRAKÓW NOWA HUTA NHB T1002,KOŚCIELNIKI,0.000,KRAKÓW NOWA HUTA NHB,1.341,
943,KRAKÓW NOWA HUTA NHA - KRAKÓW NOWA HUTA NHC,KRAKÓW NOWA HUTA NHA,0.930,GRANICA PKP - HUTA SENDZIMIRA,7.440,
944,KRAKÓW NOWA HUTA NHA - KRAKÓW NOWA HUTA NHD,KRAKÓW NOWA HUTA NHA,1.106,GRANICA PKP - HUTA SENDZIMIRA,7.610,
945,KRAKÓW PROKOCIM PRD - KRAKÓW PROKOCIM PRB,KRAKÓW PROKOCIM PRD,0.000,KRAKÓW PROKOCIM PRB,1.927,
947,KRAKÓW OLSZA - KRAKÓW ŁĘG,KRAKÓW OLSZA,-0.065,KRAKÓW ŁĘG,3.325,
950,TARNOWSKIE GÓRY TGA - TARNOWSKIE GÓRY TGE,TARNOWSKIE GÓRY TGA,0.000,TARNOWSKIE GÓRY TGE,6.020,
951,TARNOWSKIE GÓRY TGA - TARNOWSKIE GÓRY TGE,TARNOWSKIE GÓRY TGA,0.000,TARNOWSKIE GÓRY TGE,5.554,
954,"TARNOWSKIE GÓRY TGB - TARNOWSKIE GÓRY TGD (GRUPA TORÓW ""C"")",TARNOWSKIE GÓRY TGB,0.000,TARNOWSKIE GÓRY TGD GR. C,0.621,
957,RYBNIK - RYBNIK TOWAROWY RTF,RYBNIK,-0.827,RYBNIK TOWAROWY RTF,4.259,
958,RYBNIK TOWAROWY RTB R203 - RYBNIK TOWAROWY RTB R301/302,RYBNIK TOWAROWY RTB R203,0.000,RYBNIK TOWAROWY RTB R301/302,0.476,
959,RYBNIK TOWAROWY RTD - RYBNIK TOWAROWY RTE,RYBNIK TOWAROWY RTD,0.007,RYBNIK TOWAROWY RTE,1.339,
960,GDYNIA GŁÓWNA - GDYNIA POSTOJOWA,GDYNIA GŁÓWNA,0.668,GDYNIA POSTOJOWA,4.423,
961,GDYNIA PORT GPB - GDYNIA POSTOJOWA GP14,GDYNIA PORT GPB,-0.041,GDYNIA POSTOJOWA GP14,1.103,
963,GDYNIA GŁÓWNA R 81 - GDYNIA GŁÓWNA R 95,GDYNIA GŁÓWNA R81,21.755,GDYNIA GŁÓWNA R95,22.810,
964,GDYNIA POSTOJOWA GP15 - GDYNIA CHYLONIA,GDYNIA POSTOJOWA GP15,0.000,GDYNIA CHYLONIA,0.296,
965,GDAŃSK PORT PÓŁNOCNY R4 - GDAŃSK PORT PÓŁNOCNY,GDAŃSK PORT PÓŁNOCNY R4,-0.008,GDAŃSK PORT PÓŁNOCNY,3.617,
966,DZIAŁDOWO R 102 - DZIAŁDOWO R 101,DZIAŁDOWO R102,0.000,DZIAŁDOWO R101,1.619,
967,IŁAWA R 1 - IŁAWA R 142,IŁAWA R1,0.000,IŁAWA R142,2.495,
968,IŁAWA R 2 - IŁAWA R 51,IŁAWA R2,0.000,IŁAWA R51,1.422,
970,MIETKÓW - MIETKÓW BOCZNICA MAJKOLTRANS,MIETKÓW,0.000,MIETKÓW BOCZNICA MAJKOLTRANS,0.161,
971,LUBIN - LUBIN KOPALNIA PLK,LUBIN,-0.749,LUBIN KOPALNIA PLK,0.802,
972,PAWŁOWICE MAŁE - PAWŁOWICE MAŁE FABRYCZNY,PAWŁOWICE MAŁE,0.000,PAWŁOWICE MAŁE FABRYCZNY,0.050,
973,BOLESŁAWIEC - WIZÓW,BOLESŁAWIEC,-0.470,WIZÓW,3.354,"Linia nieudostępniana od km 1,086 do km 3,354"
974,RAKOWICE ŻWIROWNIA - RAKOWICE ZKGM,RAKOWICE ŻWIROWNIA,0.000,RAKOWICE ZKGM,0.113,
975,WĘGLINIEC SKP - WĘGLINIEC WG,WĘGLINIEC SKP,0.000,WĘGLINIEC WG,2.455,
976,BOGUSZÓW-GORCE ZACHÓD - CZARNY BÓR,BOGUSZÓW-GORCE ZACHÓD,0.000,CZARNY BÓR,0.316,
978,PRZYWORY OPOLSKIE - CHORULA CEMENTOWNIA GÓRAŻDŻE,PRZYWORY OPOLSKIE,1.075,CHORULA CEMENTOWNIA GÓRAŻDŻE,1.227,
979,TARNOWSKIE GÓRY TGC R555 - TARNOWSKIE GÓRY TGC R540,TARNOWSKIE GÓRY TGC R555,0.000,TARNOWSKIE GÓRY TGC R540,0.317,
980,CZERWIEŃSK OSOBOWY CK - CZERWIEŃSK TOWAROWY T100,CZERWIEŃSK OSOBOWY CK,0.000,CZERWIEŃSK TOWAROWY CKT,2.102,"Linia nieudostępniana od km 0,380 do km 2,102"
981,RZEPIN RzA R 3 - RZEPIN RzB R 102 T44,RZEPIN RZA R3,0.000,RZEPIN RZB R 102,0.298,
982,ZBĄSZYNEK R 463 - ZBĄSZYNEK R 47 T185a/117/8,ZBĄSZYNEK R463,0.000,ZBĄSZYNEK R47,2.252,
983,JAROCIN R 286 - JAROCIN R 152 T25,JAROCIN R286,0.000,JAROCIN R152,0.376,
984,POZNAŃ FRANOWO PFC - POZNAŃ FRANOWO PFA T209/200/150/103,POZNAŃ FRANOWO PFC,0.000,POZNAŃ FRANOWO PFA,4.366,
987,TARNÓW MOŚCICE - MOŚCICE AZOTY,TARNÓW MOŚCICE,-0.767,MOŚCICE AZOTY,0.498,
988,PRZEWORSK R 66 - PRZEWORSK TOWAROWY R 112,PRZEWORSK R66,0.000,PRZEWORSK TOWAROWY R112,1.890,
989,HURKO - MEDYKA TOWAROWA R34,HURKO,0.000,MEDYKA TOWAROWA R34,2.770,
990,SZCZECIN PORT CENTRALNY SPA - SZCZECIN PORT CENTRALNY SPD32,SZCZECIN PORT CENTRALNY SPA,-0.004,SZCZECIN PORT CENTRALNY SPD32,5.453,
991,SZCZECIN PORT CENTRALNY SPA - SZCZECIN PORT CENTRALNY LOKOMOTYWOWNIA,SZCZECIN PORT CENTRALNY SPA,-0.134,SZCZECIN PORT CENTRALNY LOKOMO.,3.986,
992,SZCZECIN PORT CENTRALNY SPA - SZCZECIN PORT CENTRALNY SPC,SZCZECIN PORT CENTRALNY SPA,-0.065,SZCZECIN PORT CENTRALNY SPC,4.718,
993,SZCZECIN PORT CENTRALNY SPB - SZCZECIN PORT CENTRALNY SPB T400,SZCZECIN PORT CENTRALNY SPB,0.108,SZCZECIN PORT CENTRALNY SPB R401,2.118,
994,SZCZECIN PORT CENTRALNY SPB17 - SZCZECIN PORT CENTRALNY SPB15,SZCZECIN PORT CENTRALNY SPB17,0.000,SZCZECIN PORT CENTRALNY SPB15,1.249,
995,SZCZECIN PORT CENTRALNY SPD31 - NABRZEŻE STARÓWKA T846,SZCZECIN PORT CENTRALNY SPD31,-0.017,NABRZEŻE STARÓWKA,0.761,
996,LUBIEWO - ŚWINOUJŚCIE SIA,LUBIEWO,-0.161,ŚWINOUJŚCIE SIA,9.095,
997,ŚWINOUJŚCIE SIB - ŚWINOUJŚCIE SIB GPLK,ŚWINOUJŚCIE SIB,0.083,ŚWINOUJŚCIE SIB GPLK,0.192,
998,SZCZECIN WSTOWO - ELEKTROWNIA POMORZANY,SZCZECIN WSTOWO,0.000,ELEKTROWNIA POMORZANY,0.034,
999,PIŁA GŁÓWNA - PIŁA PÓŁNOC,PIŁA GŁÓWNA,0.547,PIŁA PÓŁNOC,3.196,