id,name,is_domestic,passenger_volume_rank,latitude,longitude
475,Olsztyn Główny,true,31,53.7857228,20.4975628
476,Giżycko,true,284,54.0314219,21.7781322
477,Stargard,true,52,53.3395728,15.0311472
478,Piła Główna,true,54,53.1428142,16.7439853
479,Żory,true,344,50.0516933,18.7027725
481,Kętrzyn,true,356,54.0726469,21.3851864
482,Łódź Fabryczna,true,23,51.7694772,19.4700042
483,Białystok,true,36,53.1339108,23.1359611
484,Łódź Widzew,true,27,51.7633217,19.5433675
485,Koluszki,true,58,51.7453014,19.8193356
486,Skierniewice,true,18,51.9671575,20.1498425
487,Żyrardów,true,20,52.0520969,20.4479542
488,Warszawa Zachodnia,true,11,52.2200903,20.9651803
489,Warszawa Centralna,true,4,52.2286969,21.0027278
490,Warszawa Wschodnia,true,9,52.2512736,21.0524594
491,Wołomin,true,84,52.3466131,21.2380231
492,Tłuszcz,true,40,52.4307858,21.4345219
493,Łochów,true,86,52.5339981,21.6876506
494,Małkinia,true,157,52.6937364,22.0367131
495,Czyżew,true,217,52.7997308,22.3421914
496,Szepietowo,true,272,52.8700881,22.5411847
497,Łapy,true,194,52.9901411,22.8839189
498,Białystok Zielone Wzgórza,true,314,53.1154908,23.1033389
499,Terespol,true,199,52.0740333,23.6010197
500,Mińsk Mazowiecki,true,28,52.1758481,21.5517764
501,Mrozy,true,85,52.1644222,21.8027317
502,Siedlce,true,26,52.1619497,22.2715467
503,Łuków,true,96,51.9418419,22.3893064
504,Międzyrzec Podlaski,true,225,51.9760133,22.7855744
505,Biała Podlaska,true,118,52.0202381,23.1305756
506,Chotyłów,true,331,51.9968369,23.3566367
507,Małaszewicze,true,322,52.0273053,23.5316422
509,Otwock,true,55,52.1085647,21.2644011
510,Pilawa,true,114,51.9546589,21.5345067
511,Dęblin,true,71,51.5772147,21.8351736
512,Puławy Miasto,true,162,51.4275586,21.9845275
513,Nałęczów,true,265,51.3182172,22.2117317
514,Lublin Zachodni,true,275,51.2190122,22.5089928
515,Lublin Główny,true,24,51.2311725,22.5689492
517,Kraków Główny,true,2,50.0683944,19.9475033
518,Warszawa Służewiec,true,47,52.1799325,20.9869436
519,Piaseczno,true,70,52.0668122,21.0169217
520,Warka,true,161,51.7940411,21.1683692
521,Radom Główny,true,33,51.3909661,21.1553453
522,Skarżysko-Kamienna,true,66,51.1159431,20.8816053
523,Suchedniów,true,264,51.0454172,20.8498631
524,Kielce Główne,true,37,50.8742892,20.6178469
525,Jędrzejów,true,182,50.6449725,20.2760958
526,Sędziszów,true,150,50.5651844,20.0531817
527,Miechów,true,165,50.3546494,20.0112222
528,Zakopane,true,69,49.3007806,19.9630044
529,Nowy Targ,true,210,49.4734656,20.0152481
530,Zawiercie,true,57,50.4809444,19.4231181
531,Sosnowiec Główny,true,64,50.2787675,19.1262233
532,Katowice,true,6,50.2575667,19.0172519
533,Tychy,true,91,50.136925,18.964305
534,Pszczyna,true,100,49.9752436,18.9533708
535,Czechowice-Dziedzice,true,123,49.9151689,19.0049569
536,Bielsko-Biała Główna,true,49,49.8297739,19.0453486
537,Piotrków Trybunalski,true,87,51.4105617,19.6848344
538,Radomsko,true,116,51.0745689,19.4376928
539,Częstochowa,true,30,50.8086903,19.1210189
540,Myszków,true,109,50.5745317,19.3283528
541,Dąbrowa Górnicza,true,128,50.3305911,19.1834539
542,Będzin Miasto,true,179,50.3187978,19.1355508
543,Płock,true,209,52.5527439,19.7126933
544,Gostynin,true,371,52.4335494,19.4763553
545,Kutno,true,67,52.2271922,19.347845
546,Łęczyca,true,254,52.0492481,19.193205
547,Ozorków,true,338,51.9724839,19.2659008
548,Zgierz,true,108,51.8494964,19.4258197
549,Łódź Żabieniec,true,93,51.7935839,19.4070436
550,Łódź Kaliska,true,35,51.7585044,19.4299433
551,Łódź Chojny,true,127,51.726255,19.4844889
552,Żywiec,true,131,49.6795819,19.1857992
554,Iława Główna,true,62,53.5824742,19.5737867
555,Malbork,true,45,54.0358731,19.0430492
556,Tczew,true,21,54.0974403,18.7901806
557,Gdańsk Główny,true,5,54.3553942,18.6439281
558,Gdańsk Wrzeszcz,true,7,54.3820017,18.6050972
559,Gdańsk Oliwa,true,14,54.4094981,18.5719353
560,Sopot,true,10,54.4418144,18.5617683
561,Gdynia Główna,true,8,54.5208617,18.5293044
562,Bydgoszcz Główna,true,15,53.1353269,17.9913603
563,Włocławek,true,101,52.6529319,19.0590731
564,Toruń Główny,true,39,53.0001186,18.6146464
565,Bydgoszcz Wschód,true,185,53.1279044,18.0860769
566,Bydgoszcz Leśna,true,202,53.1426289,18.0337172
567,Legionowo,true,25,52.4020111,20.9408914
568,Nowy Dwór Mazowiecki,true,38,52.4252064,20.7248194
569,Ciechanów,true,68,52.8833828,20.5913156
570,Mława,true,189,53.1265169,20.350585
571,Działdowo,true,125,53.2375267,20.1678375
572,Nidzica,true,268,53.3571283,20.4140042
573,Olsztynek,true,227,53.5850764,20.2952361
574,Stawiguda,true,418,53.6507586,20.4076511
575,Olsztyn Zachodni,true,145,53.7780894,20.4671197
576,Sochaczew,true,51,52.2154597,20.2398231
577,Łowicz Główny,true,75,52.1043258,19.9560783
578,Aleksandrów Kujawski,true,170,52.8758222,18.6965253
579,Solec Kujawski,true,139,53.0784472,18.2247867
580,Laskowice Pomorskie,true,173,53.4910394,18.4559589
581,Smętowo,true,238,53.7480889,18.6860544
582,Pruszcz Gdański,true,53,54.2585622,18.6469189
583,Wrocław Główny,true,1,51.0981203,17.0362947
584,Częstochowa Stradom,true,168,50.7973375,19.1072186
585,Lubliniec,true,163,50.6732917,18.6899517
586,Opole Główne,true,19,50.6618208,17.9269633
587,Jelenia Góra,true,94,50.9026319,15.7558683
588,Konin,true,98,52.2310844,18.2540544
589,Poznań Główny,true,3,52.4014439,16.9118931
590,Leszno,true,46,51.8459897,16.5652194
591,Pabianice,true,180,51.6609161,19.3250906
592,Łask,true,258,51.6036906,19.111985
593,Zduńska Wola,true,171,51.6112764,18.9468944
594,Sieradz,true,174,51.5976864,18.7146442
595,Kalisz,true,138,51.7427692,18.0712992
596,Ostrów Wielkopolski,true,59,51.6492981,17.8052061
597,Krotoszyn,true,267,51.7013053,17.4259272
598,Milicz,true,279,51.5273253,17.2950153
599,Grabowno Wielkie,true,391,51.3433531,17.4034647
600,Oleśnica Rataje,true,269,51.2169169,17.3647381
601,Wrocław Nadodrze,true,156,51.1257381,17.0325956
602,Wrocław Mikołajów,true,56,51.1164222,16.99844
603,Brzeg,true,63,50.8529886,17.4705908
604,Oława,true,81,50.9309683,17.2969508
605,Zgorzelec,true,132,51.1402292,15.0041803
606,Legnica,true,44,51.2136928,16.1679108
607,Chojnów,true,195,51.2776086,15.9356556
608,Bolesławiec,true,107,51.2661347,15.5689075
609,Węgliniec,true,239,51.2899753,15.2227031
610,Pieńsk,true,230,51.2453233,15.0470553
611,Zgorzelec Miasto,true,220,51.1534044,15.020205
612,Ozimek,true,372,50.6700586,18.2082919
614,Koło,true,204,52.2110275,18.6320028
615,Słupca,true,211,52.2873861,17.8520322
616,Września,true,92,52.3282031,17.5553794
617,Swarzędz,true,141,52.4041528,17.0744983
618,Opalenica,true,164,52.3100981,16.4028017
619,Nowy Tomyśl,true,151,52.3041261,16.1308722
620,Zbąszyń,true,236,52.25936,15.8946839
621,Zbąszynek,true,154,52.2420039,15.8174564
622,Babimost,true,361,52.1684456,15.8151447
623,Sulechów,true,262,52.0928158,15.6185731
624,Zielona Góra Główna,true,42,51.9474708,15.5141647
626,Krzyż,true,122,52.8774406,16.0186214
627,Szczecin Dąbie,true,119,53.3913622,14.6704439
628,Szczecin Główny,true,13,53.4178214,14.5483703
629,Szamotuły,true,104,52.6034083,16.5855972
630,Wronki,true,152,52.7050933,16.3858578
631,Dobiegniew,true,328,52.9683319,15.7472425
632,Choszczno,true,187,53.1653108,15.4032617
633,Suwałki,true,249,54.1057592,22.945185
634,Augustów,true,327,53.8526172,23.0263794
635,Dąbrowa Białostocka,true,357,53.64758,23.3652178
636,Sokółka,true,255,53.4033931,23.5081642
637,Pleszew,true,224,51.8923325,17.7330011
638,Jarocin,true,97,51.9688469,17.4947275
639,Środa Wielkopolska,true,90,52.2179797,17.2750431
640,Sobolew,true,207,51.7417108,21.6724478
641,Pionki Zachodnie,true,234,51.4720039,21.4414572
642,Przysucha,true,416,51.3780417,20.6587297
643,Drzewica,true,332,51.4376408,20.4643022
644,Tomaszów Mazowiecki,true,181,51.5470283,20.0334522
645,Włoszczowa Północ,true,208,50.856555,19.9461369
646,Opoczno Południe,true,226,51.3586881,20.2319028
647,Grodzisk Mazowiecki,true,22,52.1101483,20.6224214
648,Krzeszowice,true,76,50.1308067,19.6368519
649,Trzebinia,true,99,50.1540031,19.4529019
650,Jaworzno Szczakowa,true,184,50.2471161,19.2933003
651,Dąbrowa Górnicza Ząbkowice,true,205,50.3668464,19.2650044
652,Chrzanów Śródmieście,true,206,50.1441894,19.4139017
653,Oświęcim,true,72,50.0411342,19.1991953
655,Rzeszów Główny,true,16,50.0429492,22.0066892
656,Dębica,true,83,50.0542389,21.4050542
657,Tarnów,true,34,50.0052903,20.9744678
658,Bochnia,true,78,49.9773231,20.4312842
659,Kraków Płaszów,true,136,50.03496,19.9749944
660,Ostróda,true,158,53.6996389,19.9513442
661,Nasielsk,true,73,52.5744389,20.7689483
662,Poronin,true,324,49.3437431,20.0035808
663,Chabówka Stadion,true,436,49.5897944,19.9202997
664,Sucha Beskidzka Zamek,true,411,49.7437625,19.6032369
665,Kalwaria Zebrzydowska Lanckorona,true,347,49.8711444,19.6886658
666,Przemyśl Główny,true,43,49.7837336,22.7762308
667,Przemyśl Zasanie,true,296,49.7934197,22.7735458
668,Radymno,true,299,49.9392703,22.8295783
669,Jarosław,true,103,50.0106586,22.6772233
670,Przeworsk,true,153,50.0672419,22.5018047
671,Łańcut,true,183,50.0817108,22.2260228
672,Sędziszów Małopolski,true,221,50.0753658,21.6937533
673,Ropczyce,true,298,50.0786378,21.5819011
674,Brzesko Okocim,true,142,49.9866533,20.61053
675,Mysłowice,true,214,50.2377703,19.1415039
676,Zabrze,true,61,50.3052228,18.7868581
677,Gliwice,true,29,50.3012344,18.6768697
678,Strzelce Opolskie,true,200,50.5166264,18.3065606
679,Olesno Śląskie,true,309,50.8822147,18.4246989
680,Kluczbork,true,191,50.9712542,18.2006819
681,Byczyna Kluczborska,true,427,51.1141144,18.1998792
682,Kępno,true,235,51.2918311,18.0009139
683,Ostrzeszów,true,288,51.4295483,17.9406214
684,Świnoujście,true,110,53.9047825,14.2667269
685,Lubin,true,117,51.3964611,16.1936719
686,Głogów,true,106,51.6696211,16.0797939
687,Nowa Sól,true,124,51.7994006,15.7086439
688,Rzepin,true,166,52.3499083,14.8152897
689,Kostrzyn,true,147,52.5913225,14.6470008
690,Chojna,true,212,52.9627319,14.4447708
691,Gryfino,true,144,53.2545219,14.4929517
692,Goleniów,true,112,53.5594669,14.8396789
693,Wysoka Kamieńska,true,304,53.8253306,14.8321614
694,Międzyzdroje,true,133,53.9241989,14.4549942
695,Kołobrzeg,true,60,54.1822856,15.5703
696,Oborniki Śląskie,true,95,51.3031067,16.9063719
697,Żmigród,true,121,51.4721458,16.9014608
698,Rawicz,true,113,51.6086578,16.8398733
699,Kościan,true,79,52.0790386,16.6421594
700,Oborniki Wielkopolskie Miasto,true,176,52.6461475,16.8204014
701,Rogoźno Wielkopolskie,true,242,52.7544494,16.9717764
702,Chodzież,true,203,52.9938233,16.9094906
703,Jastrowie,true,363,53.4080894,16.7980233
704,Szczecinek,true,149,53.6935083,16.7049019
705,Białogard,true,160,54.0097964,15.9776486
706,Ustka,true,186,54.5782536,16.8622103
707,Koszalin,true,65,54.1907156,16.1697225
708,Sławno,true,193,54.3557897,16.6712097
709,Słupsk,true,50,54.4672944,17.0165414
710,Mieszkowice,true,313,52.7820617,14.4857144
711,Bytom,true,281,50.3431522,18.9151825
712,Kędzierzyn-Koźle,true,105,50.3443725,18.2051786
713,Brzeg Dolny,true,129,51.2665375,16.7260364
714,Wołów,true,137,51.3334775,16.6333953
715,Ścinawa,true,300,51.4095625,16.4212353
716,Sosnowiec Południowy,true,370,50.2694775,19.1256708
717,Racibórz,true,130,50.0901103,18.2262053
718,Kuźnia Raciborska,true,381,50.200515,18.2984508
719,Żychlin,true,404,52.2132983,19.6175456
720,Jabłonowo Pomorskie,true,198,53.39323,19.1620225
721,Wąbrzeźno,true,251,53.2652731,18.9821167
722,Kowalewo Pomorskie,true,317,53.1643092,18.8698311
723,Toruń Wschodni,true,126,53.0262042,18.6329542
724,Toruń Miasto,true,135,53.0120569,18.6199483
725,Inowrocław,true,88,52.805405,18.2443867
726,Mogilno,true,169,52.6586981,17.94615
727,Gniezno,true,48,52.5295906,17.6034447
728,Ełk,true,172,53.825025,22.3626175
729,Grajewo,true,308,53.6497486,22.4484483
730,Osowiec,true,437,53.4721678,22.6580411
731,Mońki,true,367,53.4025431,22.7966167
732,Pelplin,true,233,53.9265906,18.7066964
733,Chorzów Batory,true,178,50.2782875,18.9448053
734,Niemojki,true,399,52.2582947,22.7001072
735,Sarnaki,true,406,52.3257958,22.8814517
736,Siemiatycze,true,369,52.3908806,22.9449147
737,Nurzec,true,431,52.4599344,23.0820436
738,Czeremcha,true,306,52.5194622,23.3536736
739,Hajnówka,true,259,52.7333756,23.5830664
740,Bielsk Podlaski,true,237,52.7613547,23.1880747
741,Dorohusk,true,373,51.1723181,23.7866686
742,Świdnik Miasto,true,216,51.2239069,22.6947461
743,Rejowiec,true,266,51.1175925,23.2391308
744,Chełm Miasto,true,256,51.1379794,23.4579453
745,Chełm,true,82,51.1412114,23.4940203
746,Kovel,false,,,
747,Kyiv-Pasazhyrskyi,false,,,
748,Radzyń Podlaski,true,401,51.8276053,22.6675217
749,Parczew,true,385,51.6261464,22.8715825
750,Lubartów,true,352,51.4457958,22.6080858
751,Starachowice Wschodnie,true,231,51.0416692,21.0789922
752,Ostrowiec Świętokrzyski,true,213,50.9338408,21.3768717
753,Sandomierz,true,420,50.6600044,21.7651375
754,Tarnobrzeg,true,277,50.5679689,21.6962333
755,Nowa Dęba,true,389,50.4155753,21.7398169
756,Kolbuszowa,true,229,50.2467803,21.7839414
757,Kraśnik,true,302,50.9297272,22.2829711
758,Zaklików,true,415,50.7683733,22.1074494
759,Stalowa Wola Rozwadów,true,278,50.5912803,22.0419503
760,Stalowa Wola Centrum,true,318,50.5706931,22.0546269
761,Nisko,true,386,50.5133589,22.1422119
762,Rudnik nad Sanem,true,353,50.4349503,22.2505486
763,Nowa Sarzyna,true,396,50.3209844,22.3473536
764,Leżajsk,true,325,50.2641411,22.4197344
765,Prabuty,true,263,53.7589406,19.20957
766,Biała Piska,true,414,53.6149217,22.0654533
767,Pisz,true,294,53.6318742,21.7946219
768,Ruciane-Nida,true,400,53.6491508,21.5629978
769,Szczytno,true,219,53.5600636,20.9975872
770,Szklarska Poręba Górna,true,177,50.8325758,15.5189381
771,Jaworzyna Śląska,true,201,50.9125,16.4284667
772,Świebodzice,true,223,50.8601742,16.3328217
773,Wałbrzych Miasto,true,175,50.7847181,16.2841542
774,Wałbrzych Główny,true,293,50.7432583,16.2815603
775,Sędzisław,true,321,50.8134183,16.0700119
776,Jelenia Góra Cieplice,true,355,50.8697828,15.6856633
777,Piechowice,true,390,50.8517072,15.5915869
778,Szklarska Poręba Dolna,true,435,50.8486067,15.5573275
779,Szklarska Poręba Średnia,true,408,50.8387161,15.5396708
780,Babiak,true,457,52.3535933,18.6702531
781,Piotrków Kujawski,true,444,52.5377631,18.5195336
782,Inowrocław Rąbinek,true,423,52.7700856,18.2402356
783,Nakło nad Notecią,true,196,53.1425797,17.6074458
784,Wyrzysk Osiek,true,245,53.1190408,17.2925944
785,Morąg,true,250,53.9191019,19.9223931
786,Pasłęk,true,319,54.0570458,19.6560025
787,Elbląg,true,77,54.1508222,19.41632
788,Rumia,true,41,54.5690953,18.3866003
789,Wejherowo,true,32,54.6058203,18.2292289
790,Lębork,true,80,54.5336953,17.7505833
791,Świdwin,true,246,53.7811531,15.7727336
792,Łobez,true,257,53.63661,15.6277783
793,Runowo Pomorskie,true,326,53.5559053,15.5294361
794,Chociwel,true,260,53.4706869,15.3358794
795,Ustronie Morskie,true,348,54.2005,15.7492064
796,Świebodzin,true,243,52.2451194,15.5396592
797,Hrubieszów Miasto,true,417,50.7967567,23.9087181
798,Werbkowice,true,455,50.7455992,23.7662156
799,Zamość Wschód,true,398,50.7226867,23.2753858
800,Zamość Starówka,true,340,50.7166136,23.2624936
801,Zamość,true,333,50.7135592,23.2392281
802,Zawada,true,433,50.71519,23.1240014
803,Izbica,true,439,50.8904583,23.1552714
804,Krasnystaw Miasto,true,403,50.9850086,23.1830044
805,Szczebrzeszyn,true,452,50.6808083,22.9875114
806,Zwierzyniec,true,421,50.60911,22.9843589
807,Tereszpol Biłgorajski,true,461,50.5743569,22.8852658
808,Biłgoraj,true,440,50.5514558,22.7316953
809,Mielec,true,292,50.2926175,21.4296283
810,Włoszczowa,true,330,50.8377408,20.0144958
811,Koniecpol,true,336,50.7762706,19.6990886
812,Zagórz,true,426,49.5135569,22.2644244
813,Tuchów,true,286,49.8920075,21.0568675
814,Bogoniowice Ciężkowice,true,350,49.7983125,20.9765892
815,Gorlice Zagórzany,true,405,49.6939106,21.1949986
816,Biecz,true,432,49.7325408,21.2629661
817,Jasło,true,270,49.7377603,21.4709081
818,Jedlicze,true,446,49.7190739,21.6479256
819,Krosno,true,397,49.693935,21.7483375
820,Krosno Miasto,true,424,49.6825513,21.7730572
821,Wróblik Szlachecki,true,453,49.6142431,21.8806628
822,Zarszyn,true,449,49.5841917,22.0195539
823,Sanok,true,392,49.5531594,22.2109031
825,Krynica-Zdrój,true,311,49.4096964,20.9571875
826,Muszyna Zdrój,true,422,49.3578792,20.89629
827,Muszyna,true,375,49.3463786,20.8940106
828,Żegiestów-Zdrój,true,445,49.3629492,20.8032539
829,Wierchomla Wielka,true,447,49.4022603,20.7559044
830,Łomnica-Zdrój,true,425,49.4198942,20.7247756
831,Piwniczna-Zdrój,true,335,49.4407394,20.7173544
832,Rytro,true,359,49.4865269,20.6802103
833,Stary Sącz,true,351,49.5589894,20.6433506
834,Nowy Sącz,true,146,49.6067228,20.7030717
835,Grybów,true,320,49.6265403,20.9578717
836,Stróże,true,342,49.6541858,20.9767003
837,Bobowa-Miasto,true,362,49.7078681,20.9385381
838,Maków Podhalański,true,374,49.7266608,19.6785064
839,Głogówek,true,419,50.3475464,17.8757392
840,Prudnik,true,387,50.3292833,17.5777606
841,Nysa,true,190,50.4778364,17.341895
842,Otmuchów,true,454,50.4740778,17.1526075
843,Paczków,true,451,50.4784003,17.0110822
844,Kamieniec Ząbkowicki,true,253,50.5360158,16.8975158
845,Ząbkowice Śląskie,true,365,50.5973889,16.8127547
846,Dzierżoniów Śląski,true,244,50.7247594,16.640195
847,Świdnica Miasto,true,115,50.841165,16.4816142
848,Kłodzko Główne,true,329,50.4513642,16.6566417
849,Kłodzko Miasto,true,148,50.4344503,16.6582417
850,Nowa Ruda,true,358,50.5772558,16.4969764
851,Jedlina-Zdrój,true,428,50.7115408,16.3431894
852,Zdzieszowice,true,188,50.4226897,18.1256664
853,Gogolin,true,215,50.4926036,18.0190658
854,Wadowice,true,310,49.8849669,19.5020164
855,Andrychów,true,303,49.8555492,19.3524739
856,Kęty,true,354,49.8806347,19.2256481
857,Rybnik,true,74,50.0888608,18.5475883
859,Sierpc,true,248,52.8477689,19.6536956
860,Chełmża,true,240,53.1849075,18.5984122
861,Grudziądz,true,159,53.4821472,18.7607822
862,Kwidzyn,true,192,53.7313289,18.9337469
863,Sztum,true,285,53.9254614,19.0210786
864,Starogard Gdański,true,143,53.9770539,18.5256256
865,Kaliska,true,280,53.9033289,18.2162889
866,Czarna Woda,true,346,53.8512,18.1085403
867,Łąg,true,383,53.8310692,18.0628833
868,Czersk,true,218,53.8005911,17.9701208
869,Chojnice,true,140,53.6878142,17.5762269
870,Lipka Krajeńska,true,378,53.4972644,17.2573106
871,Złotów,true,289,53.3589872,17.0529342
872,Krajenka,true,410,53.2888358,16.9912053
873,Trzcianka,true,247,53.0336131,16.4659892
874,Wieleń,true,366,52.9074092,16.1799719
875,Nowe Drezdenko,true,323,52.8538353,15.83371
876,Zwierzyn,true,463,52.8367333,15.5843314
877,Gorzów Wielkopolski Wschodni,true,295,52.7317944,15.2492222
878,Gorzów Wielkopolski,true,102,52.7272817,15.2293314
879,Witnica,true,276,52.6674006,14.8961967
880,Nowogród Osiedle,true,412,51.7953072,15.2257889
881,Żary,true,197,51.6343906,15.1377142
882,Żagań,true,271,51.6042572,15.3150156
883,Małomice,true,384,51.5497669,15.4467967
884,Rokitki,true,388,51.3355061,15.8932889
885,Skwierzyna,true,343,52.5904728,15.4996847
886,Międzyrzecz,true,287,52.4453136,15.592925
892,Berlin Hauptbahnhof,false,,,
893,Berlin Ostbahnhof,false,,,
894,Frankfurt/Oder,false,,,
896,Wien Hauptbahnhof,false,,,
898,Graz Hauptbahnhof,false,,,
899,Bruck A.D.Mur,false,,,
900,Kapfenberg,false,,,
901,Mürzzuschlag,false,,,
902,Wiener Neustadt,false,,,
903,Wien Meidling,false,,,
905,Břeclav,false,,,
906,Hodonín,false,,,
907,Staré Město u Uherského Hradiště,false,,,
908,Otrokovice,false,,,
909,Přerov,false,,,
910,Hranice na Moravě,false,,,
911,Ostrava-Svinov,false,,,
912,Ostrava hlavní nádraží,false,,,
913,Bohumín,false,,,
914,Chałupki,true,316,49.9255511,18.3115189
915,Wodzisław Śląski,true,222,50.0077772,18.4766056
916,Wien Westbahnhof,false,,,
917,Praha-Vršovice,false,,,
918,Praha hlavní nádraží,false,,,
919,Praha-Libeň,false,,,
920,Kolin,false,442,53.2450214,15.1239061
921,Pardubice hlavní nádraží,false,,,
922,Česká Třebová,false,,,
923,Zábřeh na Moravě,false,,,
924,Olomouc hlavní nádraží,false,,,
925,Budapest-Nyugati,false,,,
926,Vac,false,,,
927,Nagymaros-Visegrad,false,,,
928,Szob,false,,,
929,Štúrovo,false,,,
930,Nové Zámky,false,,,
931,Bratislava hlavná stanica,false,,,
932,Kuty,false,,,
933,Zebrzydowice,true,380,49.8700878,18.6247272
934,Vilnius,false,,,
935,Mockava,false,,,
936,Trakiszki,true,460,54.2385039,23.2073125
937,Ústí nad Orlicí,false,,,
938,Letohrad,false,,,
939,Jablonné nad Orlicí,false,,,
940,Lichkov,false,,,
941,Międzylesie,true,290,50.1436092,16.6548683
942,Bystrzyca Kłodzka,true,282,50.2969142,16.6550281
943,Strzelin,true,111,50.7847681,17.0602844
944,München Hauptbahnhof,false,,,
945,München Ost,false,,,
946,Rosenheim,false,,,
947,Freilassing,false,,,
948,Salzburg Hauptbahnhof,false,,,
949,Attnang-Puchheim,false,,,
950,Linz Hauptbahnhof,false,,,
951,St. Pölten Hauptbahnhof,false,,,
952,Berlin Ostkreuz,false,,,
953,Wisła Uzdrowisko,true,252,49.6583881,18.8548947
954,Zator Park Rozrywki,true,305,50.0053364,19.406345
955,Skoczów,true,273,49.7935931,18.7901464
956,Goleszów,true,228,49.7468106,18.7491169
957,Ustroń Zdrój,true,261,49.7204156,18.8168881
958,Ustroń Polana,true,349,49.6966639,18.8301022
960,Kudowa-Zdrój,true,341,50.4296858,16.2443917
961,Duszniki-Zdrój,true,377,50.4089119,16.3861711
962,Szczytna,true,395,50.4083814,16.44977
963,Polanica-Zdrój,true,334,50.397585,16.5145906
964,Ziębice,true,232,50.6085317,17.0339269
965,Rozprza,true,379,51.3015361,19.6601825
966,Gorzkowice,true,241,51.2182428,19.6032325
967,Gomunice,true,337,51.1642456,19.4870144
968,Tarnowskie Góry,true,155,50.4468294,18.8650375
969,Zduńska Wola Karsznice,true,458,51.5889544,18.9948847
970,Kivertsi,false,,,
971,Rivne,false,,,
972,Shepetivka,false,,,
973,Berdychiv,false,,,
974,Lviv,false,,,
975,Bila Tserkva,false,,,
976,Im. Tarasa Shevchenka,false,,,
977,Znamianka-Pasazhyrska,false,,,
978,Oleksandriia,false,,,
979,Kamianske-Pasazhyrske,false,,,
980,Dnipro-Holovnyi,false,,,
981,Zaporizhzhia-1,false,,,
982,Krasne,false,,,
983,Zlochiv,false,,,
984,Ternopil,false,,,
985,Pidvolochysk,false,,,
986,Volochysk,false,,,
987,Khmelnytskyi,false,,,
988,Zhmerynka,false,,,
989,Vapniarka,false,,,
990,Rudnytsia,false,,,
991,Kodyma,false,,,
992,Podilsk,false,,,
993,Rozdilna-1,false,,,
994,Odesa-Holovna,false,,,
995,Berlin Zoologischer Garten,false,,,
996,Berlin-Charlottenburg,false,,,
997,Vinnytsia,false,,,
998,Koziatyn-1,false,,,
999,Fastiv-1,false,,,
1000,Hrebinka,false,,,
1001,Myrhorod,false,,,
1002,Poltava-Kyivska,false,,,
1003,Kharkiv-Pasazhyrskyi,false,,,
1004,Warszawa Śródmieście,true,12,52.2294958,21.0076031
1005,Warszawa Gdańska,true,17,52.2591917,20.9934489
1006,Warszawa Młynów,true,120,52.23914,20.958495
1007,Warszawa Główna,true,167,52.2240456,20.9808661
1008,Berlin Lichtenberg,false,,,
1009,Berlin Gesundbrunnen,false,,,
1012,Krzepice,true,443,50.9695661,18.6965008
1013,Wieluń,true,407,51.2235056,18.5825742
1014,Wieruszów Miasto,true,456,51.2991156,18.1657692
1015,Ústí nad Orlicí město,false,,,
1017,Katowice Ligota,true,134,50.2262292,18.9778606
1018,Pyrzowice Lotnisko,true,345,50.4680061,19.0770875
1019,Chorzów Miasto,true,450,50.2986294,18.9500608
1020,Wałcz,true,312,53.275035,16.4843089
1021,Tuczno Krajeńskie,true,409,53.2189822,16.1753086
1022,Kalisz Pomorski,true,394,53.2777794,15.8807047
1023,Recz Pomorski,true,430,53.2706261,15.5612922
1024,Sosnowiec Dańdówka,true,434,50.2655267,19.1742197
1025,Targowiska,true,459,49.6494451,21.8216192
1028,Leipzig Hauptbahnhof,false,,,
1029,Hoyerswerda,false,,,
1030,Ruhland,false,,,
1031,Elsterwerda,false,,,
1032,Riesa,false,,,
1033,Hel,true,89,54.6110675,18.8009397
1034,Rypin,true,438,53.0687172,19.4277056
1035,Brodnica,true,274,53.2635547,19.4053981
1039,Kryvyi Rih,false,,,
1040,Korsze,true,297,54.1725119,21.1361358
1041,Darnytsia,false,,,
1042,Lubny,false,,,
1043,Romodan,false,,,
1044,Kremenchuk,false,,,
1045,Czarna Białostocka,true,339,53.3059131,23.28017
1086,Kochanowice,true,429,50.6991228,18.7478917
1087,Klimontów,true,301,50.5257903,20.0303808
1088,Kozłów,true,283,50.4746019,20.0119758
1089,Tunel,true,382,50.4349858,19.9919778
1090,Pstroszyce,true,462,50.3991992,20.0083339
1091,Kamieńczyce,true,393,50.3272583,20.0057883
1092,Szczepanowice,true,441,50.3010944,20.0246681
1093,Smroków,true,402,50.2747108,20.0466247
1094,Słomniki,true,291,50.2483242,20.0640669
1095,Słomniki Miasto,true,376,50.2358342,20.0763817
1096,Niedźwiedź,true,360,50.2057717,20.0815297
1097,Goszcza,true,368,50.1849756,20.0609469
1098,Łuczyce,true,307,50.1626558,20.0744022
1099,Baranówka,true,315,50.1467233,20.0953617
1100,Zastów,true,413,50.1215492,20.0648022
1101,Kraków Piastów,true,448,50.1069817,20.0141072
1102,Kraków Batowice,true,364,50.1074617,19.9954908
1145,Dresden-Neustadt,false,,,
1192,Puck,true,,54.7157106,18.4083439
1193,Władysławowo,true,,54.7937769,18.4017406
1194,Chałupy,true,,54.7614431,18.502985
1195,Kuźnica (Hel),true,,54.7361094,18.5775339
1196,Jastarnia,true,,54.7012044,18.6775319
1197,Jurata,true,,54.6853767,18.7127169
1198,Budapest-Keleti,false,,,
1201,Łeba,true,,54.7566867,17.5526997
1203,Chabówka,true,,49.5970356,19.9364636
1208,Płock Radziwie,true,,52.5243192,19.6722825
1210,Łomża,true,,53.1722172,22.064655
1211,Śniadowo,true,,53.0438069,21.9897547
1212,Ostrołęka,true,,53.0561983,21.6171272
1213,Chorzele,true,,53.2818703,20.9394911
1214,Wielbark,true,,53.3986978,20.9527603
1215,Lipno,true,,52.8541764,19.1787739
1216,Liubotyn,false,,,
1219,Trzebiatów,true,,54.0604614,15.2775481
1220,Gryfice,true,,53.9150081,15.1917886
1221,Płoty,true,,53.8081569,15.2612872
1222,Nowogard,true,,53.6661078,15.1211797
1223,Maribor,false,,,
1224,Celje,false,,,
1225,Lasko,false,,,
1226,Zidani Most,false,,,
1227,Ljubljana,false,,,
1228,Borovnica,false,,,
1229,Postojna,false,,,
1230,Pivka,false,,,
1231,Ilirska Bistrica,false,,,
1232,Sapjane,false,,,
1233,Opatija-Matulji,false,,,
1234,Rijeka,false,,,
1235,Praha Hlavni Nad,false,,,
1236,Ljubljana Zalog,true,,,
1237,Twardogóra,true,,51.3603483,17.4691881
1238,Jasło Fabryczne,true,,49.7493775,21.5340833
1239,Rzeszów Staroniwa,true,,50.0389025,21.9898664
1240,Strzyżów nad Wisłokiem,true,,49.8692906,21.8020064