id,number,name,category_id,is_domestic,start_station_id,end_station_id
2,6206,Stryjeńska,5,True,583,515
3,4522,Doker,5,True,532,561
4,23108,Smok Wawelski,5,True,515,517
5,8331,Ślązak,5,True,628,666
6,8328,Lubomirski,8,True,628,517
7,1016,Żubr,5,True,490,483
10,1122,Skaryna,5,True,499,488
11,4551,BIELSKOBGL-GDYNIAGL,6,True,536,561
12,3818,Mehoffer,5,True,666,628
17,8156,Parsęta,5,True,695,482
21,6506,Niegocin,5,True,583,475
22,40,Berlin Wwa Express,7,False,490,996
23,78109,Wielkopolanin,5,True,589,878
24,58106,Gryf,5,True,475,628
25,406,Chopin,5,False,944,490
30,1649,Oleńka,5,True,490,583
32,5600,Lednica,5,True,561,583
35,204,Prater,5,False,916,517
36,1050,Kraszewski,5,True,488,499
38,73102,Pułaski,8,True,589,517
42,30104,Małopolska,8,True,517,825
43,4524,Skarbek,5,True,717,475
48,7510,Pojezierze,5,True,589,475
49,5350,Kaszub,7,True,561,528
51,3828,Lubomirski,8,True,517,628
55,1712,Kiliński,5,True,490,589
56,4508,GLIWICE-GDYNIAGL,6,True,677,561
57,19132,Korczak,5,True,490,482
58,2704,Zielonogórzanin,5,True,745,624
59,1906,Przaśniczka,5,True,490,482
60,4120,Daszyński,5,True,536,483
61,6112,Lech,7,True,583,490
64,1306,WWAWSCH-KRAKOWGL,6,True,490,517
65,58104,Bryza,5,True,475,628
67,1336,Witos,5,True,490,666
68,5100,GDYNIAGL-WWAZACH,7,True,561,488
69,87104,Bogdanka,5,True,878,638
71,5706,Ukiel,5,True,475,589
72,6813,Bosman,5,True,583,695
73,260,Baltic Express,5,False,917,561
76,145,Wigry,5,False,934,628
77,5326,Sienkiewicz,5,True,475,517
79,3820,Barbakan,5,True,517,628
80,7502,Drwęca,5,True,589,475
82,35105,Małopolska,8,True,825,561
83,8610,Merkury,5,True,628,583
84,1604,WWAWSCH-WROCLAWGL,6,True,490,583
86,7200,Strzelecki,5,True,624,515
87,4204,Morcinek,5,True,532,524
88,3528,Kolberg,5,True,517,475
90,1648,Oleńka,5,True,490,583
91,37102,Pułaski,8,True,517,589
93,22100,Bystrzyca,5,True,797,515
94,3560,Witkacy,5,True,528,561
96,3550,Morskie Oko,7,True,528,561
98,3202,Jadwiga,5,True,517,515
100,130,Batory,5,False,925,490
101,90,PRZEMYSLGL-KIJOW,8,False,666,747
102,3122,Kinga,5,True,517,490
103,1610,Viadrina,7,True,490,583
104,8202,Górski,5,True,628,745
109,33172,Przemyślanin,5,True,666,659
110,2606,Stryjeńska,5,True,515,583
112,83106,Osterwa,8,True,628,528
113,3522,Nida,5,True,517,476
114,1624,Krasiński,5,True,483,583
115,7206,Warta,5,True,589,745
117,1500,WWAZACH-GDYNIAGL,6,True,488,561
119,6150,Śnieżka,5,True,770,490
120,3502,KRAKOWGL-GDYNIAGL,6,True,517,561
121,6104,WROCLAWGL-WWAWSCH,6,True,583,490
122,103,Polonia,5,False,490,916
123,9108,Uszatek,5,True,482,490
124,5704,Bachus,5,True,561,624
126,37150,Halny,5,True,528,589
128,3552,ZAKOPANE-GDYNIAGL,6,True,528,561
129,5138,Kuter,5,True,561,488
130,5708,Jeziorak,5,True,475,589
131,3812,Szkuner,5,True,666,706
134,5146,Meduza,5,True,561,482
135,2620,Łysica,5,True,524,583
138,1302,WWAWCH-KRAKOWGL,6,True,490,517
140,32110,Kasztelan,5,True,517,797
142,203,Danubius,5,False,517,916
143,5224,Kujawiak,5,True,562,515
144,9106,Przaśniczka,5,True,482,490
145,8310,Kossak,5,True,695,666
146,4520,Hutnik,5,True,536,561
147,3206,Sztygar,5,True,517,515
148,3800,KRAKOWGL-KOLOBRZEG,6,True,517,695
149,4510,Heweliusz,5,True,536,561
150,2706,Warta,5,True,745,589
152,6102,Ślęża,7,True,583,490
153,87172,Przemyślanin,5,True,706,589
154,54102,Flisak,8,True,561,532
156,37104,Kozica,8,True,517,589
157,1800,Chrobry,7,True,490,628
158,202,Danubius,5,False,916,517
159,5128,Kociewie,5,True,561,482
160,8336,Noteć,5,True,478,655
161,3124,Łokietek,5,True,517,490
165,1628,Mickiewicz,5,True,483,583
167,3716,Fałat,5,True,666,589
169,3830,Ślązak,5,True,666,628
171,8304,Malczewski,5,True,695,517
174,1428,Pilecki,5,True,490,552
176,8316,Gwarek,5,True,706,517
178,3107,KRAKOWGL-WWAWSCH,7,True,517,490
179,3510,KRAKOWGL-GDYNIAGL,6,True,517,561
184,1638,Orzeszkowa,5,True,490,770
188,1322,Kinga,5,True,490,517
189,1620,Asnyk,5,True,490,583
190,5602,Mamry,5,True,475,583
194,2600,Łempicka,5,True,515,583
196,1812,Podlasiak,5,True,633,684
198,1424,Chemik,5,True,543,532
200,2402,Jadwiga,5,True,515,677
201,1713,Kiliński,5,True,499,589
204,38106,Osterwa,8,True,528,628
209,3834,Zamoyski,5,True,655,628
211,7104,Krzywousty,7,True,589,490
213,2524,Kujawiak,5,True,515,562
214,6508,Pomorzanin,5,True,587,561
217,12010,Kyiv Express,5,True,488,741
219,230,Gedania,5,False,561,892
220,461,Baltic Express,5,False,1033,917
222,5620,Słowacki,5,True,476,583
223,6302,Wyspiański,5,True,583,666
226,231,Gedania,5,False,892,561
227,6220,Łysica,5,True,583,524
228,134,Via Regia,5,False,666,1028
230,248,Berlin Wwa Express,7,False,490,892
232,213,Comenius,5,False,913,517
235,5451,GDYNIAGL-BIELSKOBGL,6,True,561,536
236,2405,Morcinek,5,True,515,532
237,5500,Powiśle,8,True,561,562
238,21010,Kyiv Express,5,True,741,488
241,114,Cracovia,5,False,666,917
243,6138,Orzeszkowa,5,True,770,490
245,265,Baltic Express,5,False,561,917
246,3505,KRAKOWGL-GDYNIAGL,7,True,517,561
248,33100,Malinowski,5,True,825,517
250,35170,Karpaty,8,True,528,561
251,63103,Sudety,8,True,587,659
253,1026,Podlasie,5,True,490,499
254,36102,Sudety,5,True,517,587
259,1563,Sielawa,5,True,489,475
260,1516,Gen.Kruszewski,5,True,482,561
263,417,Carpatia,5,False,666,944
265,4128,Pilecki,5,True,552,490
267,4124,Chemik,5,True,532,543
268,1522,Mazury,5,True,482,475
269,3204,Morcinek,5,True,517,515
271,3810,Kossak,5,True,666,695
272,1814,Pobrzeże,5,True,482,695
274,33110,Wetlina,5,True,812,659
280,9102,Jagna,5,True,482,490
283,7324,Wybicki,5,True,589,517
284,1030,Radziwiłł,5,True,488,499
286,66100,Heweliusz,5,True,587,583
287,264,Baltic Express,5,False,917,561
288,1710,Lubuszanin,5,True,490,624
289,3104,KRAKOWGL-WWAWSCH,6,True,517,490
292,6122,Baczyński,5,True,583,490
293,68102,Swarożyc,5,True,583,628
297,3130,San,5,True,666,490
300,3828,Lubomirski,5,True,517,628
301,3836,Noteć,5,True,655,478
305,8314,Matejko,5,True,628,666
306,3523,Nida,5,True,517,476
308,8306,Zefir,5,True,706,666
309,5450,Wysocki,7,True,561,536
310,7506,Ukiel,5,True,589,475
311,6200,Łempicka,5,True,583,515
312,53104,Małopolska,8,True,561,517
313,1810,Gałczyński,5,True,490,628
314,16170,Karkonosze,5,True,490,770
316,3138,Wisłok,5,True,655,488
317,3822,Sukiennice,5,True,517,628
320,4111,BIELSKOBGL-WWAWSCH,6,True,536,490
321,7504,Bachus,5,True,624,561
323,58102,Żuławy,5,True,475,628
324,47,Berlin Wwa Express,7,False,892,490
326,262,Baltic Express,5,False,917,561
328,5606,Niegocin,5,True,475,583
332,82170,Uznam,5,True,684,745
335,1100,Narew,5,True,483,482
336,7316,Fałat,5,True,589,666
338,85106,Gryf,5,True,628,475
339,20,CHELM-KIJOW,8,False,745,747
340,6504,Mieszko,5,True,583,561
341,205,Prater,5,False,517,916
342,2700,Strzelecki,5,True,515,624
343,4205,Morcinek,5,True,532,515
344,1012,Bocian,8,True,490,483
345,6140,Śnieżka,5,True,583,490
349,139,Jaćwing,5,False,934,633
350,8320,Barbakan,5,True,628,517
352,5324,Żeromski,5,True,475,517
353,5402,GDYNIAGL-BIELSKOBGL,6,True,561,536
354,36100,Planty,8,True,517,583
355,36103,Sudety,8,True,517,587
356,8106,Rybak,5,True,628,483
357,36106,Szczeliniec,8,True,517,587
360,1514,Żeglarz,5,True,482,561
362,1600,Panorama,7,True,490,583
367,3529,Kolberg,5,True,517,475
369,6520,Słowacki,5,True,583,476
371,5332,Orłowicz,5,True,475,517
372,87110,Posnania,5,True,878,589
379,5503,Powiśle,8,True,562,561
380,101,Moravia,5,False,532,916
381,5412,Artus,5,True,561,536
382,6124,Krasiński,5,True,583,483
384,6142,Fredro,5,True,587,490
388,5712,Stoczniowiec,5,True,561,624
390,5116,Gen.Kruszewski,5,True,561,482
392,58112,Krajna,8,True,561,878
393,1528,Kociewie,5,True,482,561
394,2116,Inka,5,True,515,490
397,1856,Parsęta,5,True,482,695
398,5304,GDYNIAGL-KRAKOWGL,6,True,561,517
400,1626,Leśmian,5,True,483,583
403,8330,Ślązak,5,True,628,666
405,94,CHELM-CHARKOW,8,False,745,1003
406,37100,Spodek,8,True,517,589
407,8112,Podlasiak,5,True,684,633
408,7204,Zielonogórzanin,5,True,624,745
410,4502,GLIWICE-GDYNIAGL,6,True,677,561
411,15110,Biebrza,8,True,483,561
414,7318,Mehoffer,5,True,624,666
416,263,Baltic Express,5,False,561,917
417,5130,Brda,5,True,562,490
418,1552,Laguna,5,True,482,561
419,7320,Cegielski,5,True,589,517
421,8130,Staszic,5,True,695,490
423,6304,Grottger,5,True,583,666
424,5103,GDYNIAGL-WWAZACH,7,True,561,488
425,1518,Katamaran,5,True,482,561
427,8220,Koziołek,5,True,628,515
429,8302,Chełmoński,5,True,684,517
430,5118,Katamaran,5,True,561,482
431,3602,Wyspiański,5,True,666,583
432,1112,Bocian,8,True,483,490
433,1411,WWAWSCH-BIELSKOBGL,6,True,490,536
434,8312,Szkuner,5,True,706,666
435,4506,BIELSKOBGL-GDYNIAGL,6,True,536,561
436,83172,Podhalanin,5,True,684,528
437,32112,Hetman,5,True,517,797
442,8318,Mehoffer,5,True,628,666
443,3136,Witos,5,True,666,490
444,6110,Viadrina,7,True,583,490
446,5310,GDYNIAGL-KRAKOWGL,6,True,561,517
447,4203,Jadwiga,5,True,677,515
448,1704,Krzywousty,7,True,490,589
449,8300,KOLOBRZEG-KRAKOWGL,6,True,695,517
451,50108,Stańczyk,5,True,475,561
452,8328,Lubomirski,5,True,628,517
454,4202,Jadwiga,5,True,677,524
455,58110,Bory Tucholskie,8,True,561,689
459,5112,Słowiniec,5,True,561,482
460,85112,Krajna,8,True,878,561
465,1000,Narew,5,True,482,483
466,53105,Małopolska,8,True,561,825
467,4160,Beskidy,5,True,953,659
468,7500,Bałtyk,5,True,589,561
472,5334,Kazimierz,5,True,562,528
473,3720,Cegielski,5,True,517,589
475,87108,Wielkopolanin,5,True,878,589
477,55,Odra,5,False,892,517
479,5132,Zatoka,5,True,561,583
481,3106,KRAKOWGL-WWAWSCH,7,True,517,490
483,8322,Sukiennice,5,True,628,517
484,407,Chopin,5,False,490,944
489,35104,Małopolska,8,True,528,561
491,5220,Kopernik,5,True,562,515
493,307,Porta Moravica,5,False,583,913
494,1612,Lech,7,True,490,583
495,140,Jaćwing,5,False,633,934
496,1802,WWAWSCH-SZCZECINGL,6,True,490,628
499,112,Silesia,5,False,490,917
500,3128,Reymont,5,True,517,482
501,3804,Malczewski,5,True,517,695
502,43,Berlin Wwa Express,7,False,892,490
503,5350,Morskie Oko,7,True,561,528
508,2802,Górski,5,True,745,628
509,85110,Bory Tucholskie,8,True,689,561
513,135,Via Regia,5,False,1028,583
514,2112,Czechowicz,5,True,515,490
516,1037,Niemcewicz,5,True,488,499
518,431,Ursa,5,False,996,666
519,5400,GDYNIAGL-GLIWICE,6,True,561,677
524,63102,Sudety,5,True,587,517
527,1820,Włókniarz,5,True,482,628
529,4206,Sztygar,5,True,532,524
530,8334,Zamoyski,5,True,628,655
536,61170,Karkonosze,5,True,770,490
537,30112,Bieszczady,5,True,517,812
538,1546,Meduza,5,True,482,561
541,113,Silesia,5,False,913,490
543,2302,Jadwiga,5,True,515,517
544,5222,Rejewski,5,True,562,515
548,23110,Kasztelan,5,True,797,517
549,5404,GDYNIAGL-GLIWICE,6,True,561,677
550,57,Wawel,5,False,892,666
551,1116,Żubr,5,True,483,490
552,23112,Hetman,5,True,797,517
554,8308,Wyczółkowski,5,True,684,666
555,2602,Bolko,5,True,515,583
556,206,Porta Moravica,5,False,898,517
557,2407,Sztygar,5,True,515,532
558,2300,Jagiełło,5,True,515,517
560,107,Sobieski,5,False,490,916
563,1904,Telimena,5,True,490,482
564,49,Berlin Wwa Express,7,False,892,490
566,1338,Wisłok,5,True,488,655
567,91132,Korczak,5,True,482,490
568,46,Berlin Wwa Express,7,False,490,892
569,5604,Mieszko,5,True,561,583
570,33104,Małopolska,8,True,825,517
571,1320,Karłowicz,5,True,490,517
572,5102,GDYNIAGL-WWAZACH,6,True,561,488
573,3718,Mehoffer,5,True,666,624
575,303,Danubius,5,False,589,913
578,207,Porta Moravica,5,False,517,898
579,78117,Posnania,5,True,589,878
581,59,Galicja,5,False,892,666
582,6130,Nałkowska,5,True,583,483
584,141,Hańcza,5,False,934,517
586,48,Berlin Wwa Express,7,False,490,892
587,1510,Lazur,5,True,482,561
591,53170,Karpaty,8,True,561,528
595,7512,Stoczniowiec,5,True,624,561
597,3532,Orłowicz,5,True,517,475
600,1308,WWAWSCH-KRAKOWGL,6,True,490,517
601,85102,Żuławy,5,True,628,475
603,1622,Baczyński,5,True,490,583
604,8034,Zamoyski,5,True,695,478
605,45,Berlin Wwa Express,7,False,892,490
606,33112,Bieszczady,5,True,812,517
608,58,Galicja,5,False,666,892
609,3724,Wybicki,5,True,517,589
610,5300,GDYNIAGL-KRAKOWGL,6,True,561,517
612,5422,Doker,5,True,561,532
613,63106,Szczeliniec,8,True,587,517
615,1023,Skaryna,5,True,488,499
617,1130,Radziwiłł,5,True,499,488
620,73150,Halny,5,True,589,528
622,5360,Witkacy,5,True,561,528
623,87100,Strzelecki,5,True,878,621
625,3524,Żeromski,5,True,517,475
626,1102,Zamenhof,5,True,483,489
629,68,Kyiv Express,5,False,488,747
630,38170,Ustronie,8,True,517,695
632,247,Berlin Wwa Express,7,False,892,490
633,87102,Lubuszanin,5,True,878,621
634,5406,GDYNIAGL-BIELSKOBGL,6,True,561,536
638,85100,Albatros,5,True,628,557
644,3561,Witkacy,5,True,528,561
645,31102,Marszałek Piłsudski,8,True,517,490
646,4110,Ondraszek,7,True,536,490
647,4306,Błatnia,5,True,536,517
648,1304,WWAWSCH-KRAKOWGL,6,True,490,517
649,5110,Lazur,5,True,561,482
650,111,Silesia,5,False,913,490
653,6126,Leśmian,5,True,583,483
654,7112,Kiliński,5,True,589,490
655,5608,Pomorzanin,5,True,561,587
656,1303,WWAWSCH-KRAKOWGL,7,True,490,517
659,73100,Spodek,8,True,589,517
662,1502,WWAZACH-GDYNIAGL,6,True,488,561
663,1134,Starzyński,5,True,499,488
664,3550,Kaszub,7,True,528,561
666,5322,Nida,5,True,476,517
668,78105,Bogdanka,5,True,638,878
670,131,Batory,5,False,490,925
671,9100,Zosia,5,True,482,490
673,1830,Staszic,5,True,490,695
674,73104,Kozica,8,True,589,517
678,4302,Dębowiec,5,True,536,517
683,133,Saxonia,5,False,1028,583
685,1652,Porazińska,5,True,489,583
688,2526,Kochanowski,5,True,515,562
690,86102,Swarożyc,5,True,628,583
693,1910,Tuwim,5,True,490,482
694,2306,Sztygar,5,True,515,517
695,6500,Lednica,5,True,583,561
696,3120,Karłowicz,5,True,659,490
698,8104,Bolesław Prus,7,True,628,490
700,116,Silesia,5,False,490,917
701,4504,BIELSKOBGL-GDYNIAGL,7,True,536,561
702,100,Moravia,5,False,916,532
704,3400,Żylica,5,True,517,536
708,13102,Marszałek Piłsudski,8,True,490,659
710,5330,Kormoran,5,True,475,517
711,3506,KRAKOWGL-GDYNIAGL,6,True,517,561
712,5302,GDYNIAGL-KRAKOWGL,6,True,561,517
716,3530,Kormoran,5,True,517,475
719,3814,Matejko,5,True,666,628
720,3102,KRAKOWGL-WWAWSCH,6,True,517,490
722,87116,Cybina,5,True,878,638
723,6152,Porazińska,5,True,583,490
724,430,Ursa,5,False,666,996
725,6144,Łużyce,5,True,605,490
727,5702,Drwęca,5,True,475,589
728,2522,Rejewski,5,True,515,562
729,5700,Bałtyk,5,True,561,589
730,63100,Planty,8,True,583,517
731,87106,Goplana,5,True,878,589
733,1605,WWAWSCH-WROCLAWGL,7,True,490,583
736,6502,Mamry,5,True,583,475
737,146,Wigry,5,False,628,934
743,1806,Rybak,5,True,483,628
744,8102,SZCZECINGL-WWAWSCH,6,True,628,490
745,1520,Warmia,5,True,488,475
748,6120,Asnyk,5,True,583,490
749,5226,Kochanowski,5,True,562,515
750,2520,Kopernik,5,True,515,562
751,4500,BIELSKOBGL-GDYNIAGL,6,True,536,561
752,3504,KRAKOWGL-GDYNIAGL,6,True,517,561
754,8100,Chrobry,7,True,628,490
755,5320,Warmia,5,True,475,517
756,83170,Ustronie,8,True,695,517
757,1530,Brda,5,True,490,562
758,78115,Cybina,5,True,638,878
759,249,Berlin Wwa Express,7,False,892,490
760,1330,San,5,True,490,666
762,1032,Starzyński,5,True,488,499
765,32,PRZEMYSLGL-ZAPOROZE,8,False,666,981
766,5122,Mazury,5,True,475,482
767,24,CHELM-KIJOW,8,False,745,747
768,5328,Kolberg,5,True,475,517
772,7508,Jeziorak,5,True,589,475
775,1512,Słowiniec,5,True,482,561
778,4122,Korfanty,5,True,677,483
781,5338,Bystrzyca,5,True,562,655
782,3150,Tatry,7,True,528,490
783,85104,Bryza,5,True,628,475
785,56,Wawel,5,False,666,892
786,5114,Żeglarz,5,True,561,482
787,55108,Stańczyk,5,True,561,475
788,1126,Podlasie,5,True,499,488
790,3534,Kazimierz,5,True,528,562
791,30110,Wetlina,5,True,517,812
792,3200,Jagiełło,5,True,517,515
793,102,Polonia,5,False,916,490
797,6810,Merkury,5,True,583,628
798,5424,Skarbek,5,True,475,717
800,5710,Pojezierze,5,True,475,589
801,1136,Niemcewicz,5,True,499,488
802,1630,Nałkowska,5,True,483,583
803,3508,RZESZOWGL-GDYNIAGL,6,True,655,561
805,2304,Morcinek,5,True,515,517
806,38172,Podhalanin,5,True,528,684
807,5420,Hutnik,5,True,561,536
810,5410,Heweliusz,5,True,561,536
811,6300,Siemiradzki,5,True,583,666
814,1902,Jagna,5,True,490,482
815,1422,Korfanty,5,True,483,536
816,6128,Mickiewicz,5,True,583,483
818,6148,Oleńka,5,True,583,490
820,1650,Śnieżka,5,True,490,770
821,8120,Włókniarz,5,True,628,482
822,1309,WWAWSCH-KRAKOWGL,7,True,490,517
823,120,CHELM-DNIPRO,8,False,745,980
825,3526,Sienkiewicz,5,True,517,475
827,2820,Koziołek,5,True,515,628
828,110,Silesia,5,False,490,913
829,45102,Flisak,8,True,532,561
830,52,PRZEMYSLGL-KIJOW,8,False,666,747
831,3816,Gwarek,5,True,517,706
832,1216,Inka,5,True,490,515
834,6202,Bolko,5,True,583,515
837,302,Danubius,5,False,913,589
839,3108,KRAKOWGL-WWAWSCH,6,True,517,490
840,4304,Baltazar,5,True,536,517
841,6100,Panorama,7,True,583,490
842,1642,Fredro,5,True,490,587
846,5306,GDYNIAGL-KRAKOWGL,6,True,561,517
848,1150,Kraszewski,5,True,499,488
849,1804,Bolesław Prus,7,True,490,628
850,1640,Śnieżka,5,True,490,583
851,3604,Grottger,5,True,666,583
852,3112,Malinowski,5,True,528,490
854,6105,WROCLAWGL-WWAWSCH,7,True,583,490
858,1908,Uszatek,5,True,490,482
859,1212,Czechowicz,5,True,490,515
860,1460,Beskidy,5,True,490,953
862,54,Odra,5,False,517,892
863,8612,Bosman,5,True,695,583
865,33170,Karpaty,8,True,825,517
866,1900,Zosia,5,True,490,482
869,1420,Daszyński,5,True,483,677
871,7110,Lubuszanin,5,True,624,490
875,58100,Albatros,5,True,557,628
876,1312,Malinowski,5,True,490,528
877,78107,Goplana,5,True,589,878
882,3402,Dębowiec,5,True,517,536
884,1644,Łużyce,5,True,490,605
885,4207,Sztygar,5,True,532,515
886,212,Comenius,5,False,517,913
887,3600,Siemiradzki,5,True,666,583
890,1602,Ślęża,7,True,490,583
893,32108,Smok Wawelski,5,True,517,515
895,1400,WWAWSCH-BIELSKOBGL,7,True,490,536
896,261,Baltic Express,5,False,561,917
897,1632,Dąbrowska,5,True,483,583
898,4512,Artus,5,True,536,561
901,44,Berlin Wwa Express,7,False,490,892
902,4550,Wysocki,7,True,536,561
906,4161,Beskidy,5,True,953,490
907,6146,Konopnicka,5,True,587,490
909,42,Berlin Wwa Express,7,False,490,892
910,1350,Tatry,7,True,490,528
914,8110,Gałczyński,5,True,628,490
915,5352,GDYNIAGL-ZAKOPANE,6,True,561,528
916,3406,Błatnia,5,True,517,536
919,106,Sobieski,5,False,916,490
921,246,Berlin Wwa Express,7,False,490,892
926,7700,Górski,5,True,624,589
927,5308,GDYNIAGL-RZESZOWGL,6,True,561,655
928,3538,Bystrzyca,5,True,655,562
931,3100,KRAKOWGL-WWAWSCH,6,True,517,490
932,8114,Pobrzeże,5,True,695,482
933,1410,Ondraszek,7,True,490,536
934,6132,Dąbrowska,5,True,583,483
936,1002,Zamenhof,5,True,489,483
938,3806,Zefir,5,True,666,706
939,66150,Śnieżka,5,True,960,583
941,1646,Konopnicka,5,True,490,587
942,51110,Biebrza,8,True,561,483
944,416,Carpatia,5,False,913,666
946,4300,Żylica,5,True,536,517
951,41,Berlin Wwa Express,7,False,996,490
953,142,Hańcza,5,False,517,934
954,9110,Tuwim,5,True,482,489
956,132,Saxonia,5,False,517,1028
963,38171,Ustronie,8,True,517,695
964,16171,WWAWSCH-SZKLARSKAPG,5,True,490,770
1421,1540,Jantar,7,True,488,1033
1422,5140,Jantar,7,True,1033,488
1426,31160,Szpiglasowy Wierch,8,True,528,490
1427,13160,Szpiglasowy Wierch,8,True,490,528
