block_id,segment_id,block_order,demo_capacity_trains,demo_length_km,source_type
KOK-BOR-B01,KOK-BOR,1,1,21.667,SIMULATED_DEMO
KOK-BOR-B02,KOK-BOR,2,1,21.667,SIMULATED_DEMO
KOK-BOR-B03,KOK-BOR,3,1,21.667,SIMULATED_DEMO
BOR-AKK-B01,BOR-AKK,1,1,27.25,SIMULATED_DEMO
BOR-AKK-B02,BOR-AKK,2,1,27.25,SIMULATED_DEMO
BOR-AKK-B03,BOR-AKK,3,1,27.25,SIMULATED_DEMO
BOR-AKK-B04,BOR-AKK,4,1,27.25,SIMULATED_DEMO
AKK-AST-B01,AKK-AST,1,1,23.75,SIMULATED_DEMO
AKK-AST-B02,AKK-AST,2,1,23.75,SIMULATED_DEMO
AKK-AST-B03,AKK-AST,3,1,23.75,SIMULATED_DEMO
AKK-AST-B04,AKK-AST,4,1,23.75,SIMULATED_DEMO
AST-KAR-B01,AST-KAR,1,1,31.429,SIMULATED_DEMO
AST-KAR-B02,AST-KAR,2,1,31.429,SIMULATED_DEMO
AST-KAR-B03,AST-KAR,3,1,31.429,SIMULATED_DEMO
AST-KAR-B04,AST-KAR,4,1,31.429,SIMULATED_DEMO
AST-KAR-B05,AST-KAR,5,1,31.429,SIMULATED_DEMO
AST-KAR-B06,AST-KAR,6,1,31.429,SIMULATED_DEMO
AST-KAR-B07,AST-KAR,7,1,31.429,SIMULATED_DEMO
KAR-AKD-B01,KAR-AKD,1,1,28.75,SIMULATED_DEMO
KAR-AKD-B02,KAR-AKD,2,1,28.75,SIMULATED_DEMO
KAR-AKD-B03,KAR-AKD,3,1,28.75,SIMULATED_DEMO
KAR-AKD-B04,KAR-AKD,4,1,28.75,SIMULATED_DEMO
KAR-AKD-B05,KAR-AKD,5,1,28.75,SIMULATED_DEMO
KAR-AKD-B06,KAR-AKD,6,1,28.75,SIMULATED_DEMO
KAR-AKD-B07,KAR-AKD,7,1,28.75,SIMULATED_DEMO
KAR-AKD-B08,KAR-AKD,8,1,28.75,SIMULATED_DEMO
AKD-SAR-B01,AKD-SAR,1,1,27.222,SIMULATED_DEMO
AKD-SAR-B02,AKD-SAR,2,1,27.222,SIMULATED_DEMO
AKD-SAR-B03,AKD-SAR,3,1,27.222,SIMULATED_DEMO
AKD-SAR-B04,AKD-SAR,4,1,27.222,SIMULATED_DEMO
AKD-SAR-B05,AKD-SAR,5,1,27.222,SIMULATED_DEMO
AKD-SAR-B06,AKD-SAR,6,1,27.222,SIMULATED_DEMO
AKD-SAR-B07,AKD-SAR,7,1,27.222,SIMULATED_DEMO
AKD-SAR-B08,AKD-SAR,8,1,27.222,SIMULATED_DEMO
AKD-SAR-B09,AKD-SAR,9,1,27.222,SIMULATED_DEMO
SAR-SHU-B01,SAR-SHU,1,1,30.0,SIMULATED_DEMO
SAR-SHU-B02,SAR-SHU,2,1,30.0,SIMULATED_DEMO
SAR-SHU-B03,SAR-SHU,3,1,30.0,SIMULATED_DEMO
SAR-SHU-B04,SAR-SHU,4,1,30.0,SIMULATED_DEMO
SAR-SHU-B05,SAR-SHU,5,1,30.0,SIMULATED_DEMO
SAR-SHU-B06,SAR-SHU,6,1,30.0,SIMULATED_DEMO
SAR-SHU-B07,SAR-SHU,7,1,30.0,SIMULATED_DEMO
SAR-SHU-B08,SAR-SHU,8,1,30.0,SIMULATED_DEMO
SAR-SHU-B09,SAR-SHU,9,1,30.0,SIMULATED_DEMO
SAR-SHU-B10,SAR-SHU,10,1,30.0,SIMULATED_DEMO
SAR-SHU-B11,SAR-SHU,11,1,30.0,SIMULATED_DEMO
SHU-ALM-B01,SHU-ALM,1,1,31.0,SIMULATED_DEMO
SHU-ALM-B02,SHU-ALM,2,1,31.0,SIMULATED_DEMO
SHU-ALM-B03,SHU-ALM,3,1,31.0,SIMULATED_DEMO
SHU-ALM-B04,SHU-ALM,4,1,31.0,SIMULATED_DEMO
SHU-ALM-B05,SHU-ALM,5,1,31.0,SIMULATED_DEMO
SHU-ALM-B06,SHU-ALM,6,1,31.0,SIMULATED_DEMO
SHU-ALM-B07,SHU-ALM,7,1,31.0,SIMULATED_DEMO
SHU-ALM-B08,SHU-ALM,8,1,31.0,SIMULATED_DEMO
SHU-ALM-B09,SHU-ALM,9,1,31.0,SIMULATED_DEMO
SHU-ALM-B10,SHU-ALM,10,1,31.0,SIMULATED_DEMO
