station_id,name_kk,network_order,region_group,name_source,topology_source
KOK,Көкшетау-1,1,NORTH,KZ_PUBLIC_ROUTE_REFERENCE,SIMULATED_AGGREGATION
BOR,Курорт-Бурабай,2,NORTH,KZ_PUBLIC_ROUTE_REFERENCE,SIMULATED_AGGREGATION
AKK,Ақкөл,3,NORTH,KZ_PUBLIC_ROUTE_REFERENCE,SIMULATED_AGGREGATION
AST,Астана-1,4,HUB,KZ_PUBLIC_ROUTE_REFERENCE,SIMULATED_AGGREGATION
KAR,Қарағанды,5,SOUTH,KZ_PUBLIC_ROUTE_REFERENCE,SIMULATED_AGGREGATION
AKD,Ақадыр,6,SOUTH,KZ_PUBLIC_ROUTE_REFERENCE,SIMULATED_AGGREGATION
SAR,Сарышаған,7,SOUTH,KZ_PUBLIC_ROUTE_REFERENCE,SIMULATED_AGGREGATION
SHU,Шу,8,SOUTH,KZ_PUBLIC_ROUTE_REFERENCE,SIMULATED_AGGREGATION
ALM,Алматы-2,9,SOUTH,KZ_PUBLIC_ROUTE_REFERENCE,SIMULATED_AGGREGATION
