station_track_id,station_id,demo_capacity_trains,source_type
KOK-T1,KOK,1,SIMULATED_DEMO
KOK-T2,KOK,1,SIMULATED_DEMO
KOK-T3,KOK,1,SIMULATED_DEMO
BOR-T1,BOR,1,SIMULATED_DEMO
BOR-T2,BOR,1,SIMULATED_DEMO
AKK-T1,AKK,1,SIMULATED_DEMO
AKK-T2,AKK,1,SIMULATED_DEMO
AST-T1,AST,1,SIMULATED_DEMO
AST-T2,AST,1,SIMULATED_DEMO
AST-T3,AST,1,SIMULATED_DEMO
AST-T4,AST,1,SIMULATED_DEMO
KAR-T1,KAR,1,SIMULATED_DEMO
KAR-T2,KAR,1,SIMULATED_DEMO
AKD-T1,AKD,1,SIMULATED_DEMO
AKD-T2,AKD,1,SIMULATED_DEMO
SAR-T1,SAR,1,SIMULATED_DEMO
SAR-T2,SAR,1,SIMULATED_DEMO
SHU-T1,SHU,1,SIMULATED_DEMO
SHU-T2,SHU,1,SIMULATED_DEMO
ALM-T1,ALM,1,SIMULATED_DEMO
ALM-T2,ALM,1,SIMULATED_DEMO
ALM-T3,ALM,1,SIMULATED_DEMO
