train_id,pattern_id,category,direction,origin_station_id,destination_station_id,planned_start,source_type,public_train_number
SIM-KOK_AST-F01,KOK_AST,intercity,forward,KOK,AST,2026-10-01T09:00:00+05:00,SIMULATED_DEMO,
SIM-KOK_AST-F02,KOK_AST,regional,forward,KOK,AST,2026-10-01T09:25:00+05:00,SIMULATED_DEMO,
SIM-KOK_AST-F03,KOK_AST,freight,forward,KOK,AST,2026-10-01T09:50:00+05:00,SIMULATED_DEMO,
SIM-KOK_AST-F04,KOK_AST,intercity,forward,KOK,AST,2026-10-01T10:15:00+05:00,SIMULATED_DEMO,
SIM-KOK_AST-F05,KOK_AST,regional,forward,KOK,AST,2026-10-01T10:40:00+05:00,SIMULATED_DEMO,
SIM-KOK_AST-F06,KOK_AST,freight,forward,KOK,AST,2026-10-01T11:05:00+05:00,SIMULATED_DEMO,
SIM-KOK_AST-R01,KOK_AST,intercity,reverse,AST,KOK,2026-10-01T09:12:00+05:00,SIMULATED_DEMO,
SIM-KOK_AST-R02,KOK_AST,regional,reverse,AST,KOK,2026-10-01T09:37:00+05:00,SIMULATED_DEMO,
SIM-KOK_AST-R03,KOK_AST,freight,reverse,AST,KOK,2026-10-01T10:02:00+05:00,SIMULATED_DEMO,
SIM-KOK_AST-R04,KOK_AST,intercity,reverse,AST,KOK,2026-10-01T10:27:00+05:00,SIMULATED_DEMO,
SIM-KOK_AST-R05,KOK_AST,regional,reverse,AST,KOK,2026-10-01T10:52:00+05:00,SIMULATED_DEMO,
SIM-KOK_AST-R06,KOK_AST,freight,reverse,AST,KOK,2026-10-01T11:17:00+05:00,SIMULATED_DEMO,
SIM-AST_ALM-F01,AST_ALM,intercity,forward,AST,ALM,2026-10-01T09:15:00+05:00,SIMULATED_DEMO,
SIM-AST_ALM-F02,AST_ALM,regional,forward,AST,ALM,2026-10-01T09:40:00+05:00,SIMULATED_DEMO,
SIM-AST_ALM-F03,AST_ALM,freight,forward,AST,ALM,2026-10-01T10:05:00+05:00,SIMULATED_DEMO,
SIM-AST_ALM-F04,AST_ALM,intercity,forward,AST,ALM,2026-10-01T10:30:00+05:00,SIMULATED_DEMO,
SIM-AST_ALM-F05,AST_ALM,regional,forward,AST,ALM,2026-10-01T10:55:00+05:00,SIMULATED_DEMO,
SIM-AST_ALM-F06,AST_ALM,freight,forward,AST,ALM,2026-10-01T11:20:00+05:00,SIMULATED_DEMO,
SIM-AST_ALM-R01,AST_ALM,intercity,reverse,ALM,AST,2026-10-01T09:27:00+05:00,SIMULATED_DEMO,
SIM-AST_ALM-R02,AST_ALM,regional,reverse,ALM,AST,2026-10-01T09:52:00+05:00,SIMULATED_DEMO,
SIM-AST_ALM-R03,AST_ALM,freight,reverse,ALM,AST,2026-10-01T10:17:00+05:00,SIMULATED_DEMO,
SIM-AST_ALM-R04,AST_ALM,intercity,reverse,ALM,AST,2026-10-01T10:42:00+05:00,SIMULATED_DEMO,
SIM-AST_ALM-R05,AST_ALM,regional,reverse,ALM,AST,2026-10-01T11:07:00+05:00,SIMULATED_DEMO,
SIM-AST_ALM-R06,AST_ALM,freight,reverse,ALM,AST,2026-10-01T11:32:00+05:00,SIMULATED_DEMO,
SIM-KOK_ALM-F01,KOK_ALM,intercity,forward,KOK,ALM,2026-10-01T09:35:00+05:00,SIMULATED_DEMO,
SIM-KOK_ALM-F02,KOK_ALM,regional,forward,KOK,ALM,2026-10-01T10:55:00+05:00,SIMULATED_DEMO,
SIM-KOK_ALM-R01,KOK_ALM,intercity,reverse,ALM,KOK,2026-10-01T09:47:00+05:00,SIMULATED_DEMO,
SIM-KOK_ALM-R02,KOK_ALM,regional,reverse,ALM,KOK,2026-10-01T11:07:00+05:00,SIMULATED_DEMO,
