signal_id,block_id,entry_direction_from,entry_direction_to,initial_aspect,source_type
SIG-KOK-BOR-B01-KOK,KOK-BOR-B01,KOK,BOR,STOP,SIMULATED_DEMO
SIG-KOK-BOR-B01-BOR,KOK-BOR-B01,BOR,KOK,STOP,SIMULATED_DEMO
SIG-KOK-BOR-B02-KOK,KOK-BOR-B02,KOK,BOR,STOP,SIMULATED_DEMO
SIG-KOK-BOR-B02-BOR,KOK-BOR-B02,BOR,KOK,STOP,SIMULATED_DEMO
SIG-KOK-BOR-B03-KOK,KOK-BOR-B03,KOK,BOR,STOP,SIMULATED_DEMO
SIG-KOK-BOR-B03-BOR,KOK-BOR-B03,BOR,KOK,STOP,SIMULATED_DEMO
SIG-BOR-AKK-B01-BOR,BOR-AKK-B01,BOR,AKK,STOP,SIMULATED_DEMO
SIG-BOR-AKK-B01-AKK,BOR-AKK-B01,AKK,BOR,STOP,SIMULATED_DEMO
SIG-BOR-AKK-B02-BOR,BOR-AKK-B02,BOR,AKK,STOP,SIMULATED_DEMO
SIG-BOR-AKK-B02-AKK,BOR-AKK-B02,AKK,BOR,STOP,SIMULATED_DEMO
SIG-BOR-AKK-B03-BOR,BOR-AKK-B03,BOR,AKK,STOP,SIMULATED_DEMO
SIG-BOR-AKK-B03-AKK,BOR-AKK-B03,AKK,BOR,STOP,SIMULATED_DEMO
SIG-BOR-AKK-B04-BOR,BOR-AKK-B04,BOR,AKK,STOP,SIMULATED_DEMO
SIG-BOR-AKK-B04-AKK,BOR-AKK-B04,AKK,BOR,STOP,SIMULATED_DEMO
SIG-AKK-AST-B01-AKK,AKK-AST-B01,AKK,AST,STOP,SIMULATED_DEMO
SIG-AKK-AST-B01-AST,AKK-AST-B01,AST,AKK,STOP,SIMULATED_DEMO
SIG-AKK-AST-B02-AKK,AKK-AST-B02,AKK,AST,STOP,SIMULATED_DEMO
SIG-AKK-AST-B02-AST,AKK-AST-B02,AST,AKK,STOP,SIMULATED_DEMO
SIG-AKK-AST-B03-AKK,AKK-AST-B03,AKK,AST,STOP,SIMULATED_DEMO
SIG-AKK-AST-B03-AST,AKK-AST-B03,AST,AKK,STOP,SIMULATED_DEMO
SIG-AKK-AST-B04-AKK,AKK-AST-B04,AKK,AST,STOP,SIMULATED_DEMO
SIG-AKK-AST-B04-AST,AKK-AST-B04,AST,AKK,STOP,SIMULATED_DEMO
SIG-AST-KAR-B01-AST,AST-KAR-B01,AST,KAR,STOP,SIMULATED_DEMO
SIG-AST-KAR-B01-KAR,AST-KAR-B01,KAR,AST,STOP,SIMULATED_DEMO
SIG-AST-KAR-B02-AST,AST-KAR-B02,AST,KAR,STOP,SIMULATED_DEMO
SIG-AST-KAR-B02-KAR,AST-KAR-B02,KAR,AST,STOP,SIMULATED_DEMO
SIG-AST-KAR-B03-AST,AST-KAR-B03,AST,KAR,STOP,SIMULATED_DEMO
SIG-AST-KAR-B03-KAR,AST-KAR-B03,KAR,AST,STOP,SIMULATED_DEMO
SIG-AST-KAR-B04-AST,AST-KAR-B04,AST,KAR,STOP,SIMULATED_DEMO
SIG-AST-KAR-B04-KAR,AST-KAR-B04,KAR,AST,STOP,SIMULATED_DEMO
SIG-AST-KAR-B05-AST,AST-KAR-B05,AST,KAR,STOP,SIMULATED_DEMO
SIG-AST-KAR-B05-KAR,AST-KAR-B05,KAR,AST,STOP,SIMULATED_DEMO
SIG-AST-KAR-B06-AST,AST-KAR-B06,AST,KAR,STOP,SIMULATED_DEMO
SIG-AST-KAR-B06-KAR,AST-KAR-B06,KAR,AST,STOP,SIMULATED_DEMO
SIG-AST-KAR-B07-AST,AST-KAR-B07,AST,KAR,STOP,SIMULATED_DEMO
SIG-AST-KAR-B07-KAR,AST-KAR-B07,KAR,AST,STOP,SIMULATED_DEMO
SIG-KAR-AKD-B01-KAR,KAR-AKD-B01,KAR,AKD,STOP,SIMULATED_DEMO
SIG-KAR-AKD-B01-AKD,KAR-AKD-B01,AKD,KAR,STOP,SIMULATED_DEMO
SIG-KAR-AKD-B02-KAR,KAR-AKD-B02,KAR,AKD,STOP,SIMULATED_DEMO
SIG-KAR-AKD-B02-AKD,KAR-AKD-B02,AKD,KAR,STOP,SIMULATED_DEMO
SIG-KAR-AKD-B03-KAR,KAR-AKD-B03,KAR,AKD,STOP,SIMULATED_DEMO
SIG-KAR-AKD-B03-AKD,KAR-AKD-B03,AKD,KAR,STOP,SIMULATED_DEMO
SIG-KAR-AKD-B04-KAR,KAR-AKD-B04,KAR,AKD,STOP,SIMULATED_DEMO
SIG-KAR-AKD-B04-AKD,KAR-AKD-B04,AKD,KAR,STOP,SIMULATED_DEMO
SIG-KAR-AKD-B05-KAR,KAR-AKD-B05,KAR,AKD,STOP,SIMULATED_DEMO
SIG-KAR-AKD-B05-AKD,KAR-AKD-B05,AKD,KAR,STOP,SIMULATED_DEMO
SIG-KAR-AKD-B06-KAR,KAR-AKD-B06,KAR,AKD,STOP,SIMULATED_DEMO
SIG-KAR-AKD-B06-AKD,KAR-AKD-B06,AKD,KAR,STOP,SIMULATED_DEMO
SIG-KAR-AKD-B07-KAR,KAR-AKD-B07,KAR,AKD,STOP,SIMULATED_DEMO
SIG-KAR-AKD-B07-AKD,KAR-AKD-B07,AKD,KAR,STOP,SIMULATED_DEMO
SIG-KAR-AKD-B08-KAR,KAR-AKD-B08,KAR,AKD,STOP,SIMULATED_DEMO
SIG-KAR-AKD-B08-AKD,KAR-AKD-B08,AKD,KAR,STOP,SIMULATED_DEMO
SIG-AKD-SAR-B01-AKD,AKD-SAR-B01,AKD,SAR,STOP,SIMULATED_DEMO
SIG-AKD-SAR-B01-SAR,AKD-SAR-B01,SAR,AKD,STOP,SIMULATED_DEMO
SIG-AKD-SAR-B02-AKD,AKD-SAR-B02,AKD,SAR,STOP,SIMULATED_DEMO
SIG-AKD-SAR-B02-SAR,AKD-SAR-B02,SAR,AKD,STOP,SIMULATED_DEMO
SIG-AKD-SAR-B03-AKD,AKD-SAR-B03,AKD,SAR,STOP,SIMULATED_DEMO
SIG-AKD-SAR-B03-SAR,AKD-SAR-B03,SAR,AKD,STOP,SIMULATED_DEMO
SIG-AKD-SAR-B04-AKD,AKD-SAR-B04,AKD,SAR,STOP,SIMULATED_DEMO
SIG-AKD-SAR-B04-SAR,AKD-SAR-B04,SAR,AKD,STOP,SIMULATED_DEMO
SIG-AKD-SAR-B05-AKD,AKD-SAR-B05,AKD,SAR,STOP,SIMULATED_DEMO
SIG-AKD-SAR-B05-SAR,AKD-SAR-B05,SAR,AKD,STOP,SIMULATED_DEMO
SIG-AKD-SAR-B06-AKD,AKD-SAR-B06,AKD,SAR,STOP,SIMULATED_DEMO
SIG-AKD-SAR-B06-SAR,AKD-SAR-B06,SAR,AKD,STOP,SIMULATED_DEMO
SIG-AKD-SAR-B07-AKD,AKD-SAR-B07,AKD,SAR,STOP,SIMULATED_DEMO
SIG-AKD-SAR-B07-SAR,AKD-SAR-B07,SAR,AKD,STOP,SIMULATED_DEMO
SIG-AKD-SAR-B08-AKD,AKD-SAR-B08,AKD,SAR,STOP,SIMULATED_DEMO
SIG-AKD-SAR-B08-SAR,AKD-SAR-B08,SAR,AKD,STOP,SIMULATED_DEMO
SIG-AKD-SAR-B09-AKD,AKD-SAR-B09,AKD,SAR,STOP,SIMULATED_DEMO
SIG-AKD-SAR-B09-SAR,AKD-SAR-B09,SAR,AKD,STOP,SIMULATED_DEMO
SIG-SAR-SHU-B01-SAR,SAR-SHU-B01,SAR,SHU,STOP,SIMULATED_DEMO
SIG-SAR-SHU-B01-SHU,SAR-SHU-B01,SHU,SAR,STOP,SIMULATED_DEMO
SIG-SAR-SHU-B02-SAR,SAR-SHU-B02,SAR,SHU,STOP,SIMULATED_DEMO
SIG-SAR-SHU-B02-SHU,SAR-SHU-B02,SHU,SAR,STOP,SIMULATED_DEMO
SIG-SAR-SHU-B03-SAR,SAR-SHU-B03,SAR,SHU,STOP,SIMULATED_DEMO
SIG-SAR-SHU-B03-SHU,SAR-SHU-B03,SHU,SAR,STOP,SIMULATED_DEMO
SIG-SAR-SHU-B04-SAR,SAR-SHU-B04,SAR,SHU,STOP,SIMULATED_DEMO
SIG-SAR-SHU-B04-SHU,SAR-SHU-B04,SHU,SAR,STOP,SIMULATED_DEMO
SIG-SAR-SHU-B05-SAR,SAR-SHU-B05,SAR,SHU,STOP,SIMULATED_DEMO
SIG-SAR-SHU-B05-SHU,SAR-SHU-B05,SHU,SAR,STOP,SIMULATED_DEMO
SIG-SAR-SHU-B06-SAR,SAR-SHU-B06,SAR,SHU,STOP,SIMULATED_DEMO
SIG-SAR-SHU-B06-SHU,SAR-SHU-B06,SHU,SAR,STOP,SIMULATED_DEMO
SIG-SAR-SHU-B07-SAR,SAR-SHU-B07,SAR,SHU,STOP,SIMULATED_DEMO
SIG-SAR-SHU-B07-SHU,SAR-SHU-B07,SHU,SAR,STOP,SIMULATED_DEMO
SIG-SAR-SHU-B08-SAR,SAR-SHU-B08,SAR,SHU,STOP,SIMULATED_DEMO
SIG-SAR-SHU-B08-SHU,SAR-SHU-B08,SHU,SAR,STOP,SIMULATED_DEMO
SIG-SAR-SHU-B09-SAR,SAR-SHU-B09,SAR,SHU,STOP,SIMULATED_DEMO
SIG-SAR-SHU-B09-SHU,SAR-SHU-B09,SHU,SAR,STOP,SIMULATED_DEMO
SIG-SAR-SHU-B10-SAR,SAR-SHU-B10,SAR,SHU,STOP,SIMULATED_DEMO
SIG-SAR-SHU-B10-SHU,SAR-SHU-B10,SHU,SAR,STOP,SIMULATED_DEMO
SIG-SAR-SHU-B11-SAR,SAR-SHU-B11,SAR,SHU,STOP,SIMULATED_DEMO
SIG-SAR-SHU-B11-SHU,SAR-SHU-B11,SHU,SAR,STOP,SIMULATED_DEMO
SIG-SHU-ALM-B01-SHU,SHU-ALM-B01,SHU,ALM,STOP,SIMULATED_DEMO
SIG-SHU-ALM-B01-ALM,SHU-ALM-B01,ALM,SHU,STOP,SIMULATED_DEMO
SIG-SHU-ALM-B02-SHU,SHU-ALM-B02,SHU,ALM,STOP,SIMULATED_DEMO
SIG-SHU-ALM-B02-ALM,SHU-ALM-B02,ALM,SHU,STOP,SIMULATED_DEMO
SIG-SHU-ALM-B03-SHU,SHU-ALM-B03,SHU,ALM,STOP,SIMULATED_DEMO
SIG-SHU-ALM-B03-ALM,SHU-ALM-B03,ALM,SHU,STOP,SIMULATED_DEMO
SIG-SHU-ALM-B04-SHU,SHU-ALM-B04,SHU,ALM,STOP,SIMULATED_DEMO
SIG-SHU-ALM-B04-ALM,SHU-ALM-B04,ALM,SHU,STOP,SIMULATED_DEMO
SIG-SHU-ALM-B05-SHU,SHU-ALM-B05,SHU,ALM,STOP,SIMULATED_DEMO
SIG-SHU-ALM-B05-ALM,SHU-ALM-B05,ALM,SHU,STOP,SIMULATED_DEMO
SIG-SHU-ALM-B06-SHU,SHU-ALM-B06,SHU,ALM,STOP,SIMULATED_DEMO
SIG-SHU-ALM-B06-ALM,SHU-ALM-B06,ALM,SHU,STOP,SIMULATED_DEMO
SIG-SHU-ALM-B07-SHU,SHU-ALM-B07,SHU,ALM,STOP,SIMULATED_DEMO
SIG-SHU-ALM-B07-ALM,SHU-ALM-B07,ALM,SHU,STOP,SIMULATED_DEMO
SIG-SHU-ALM-B08-SHU,SHU-ALM-B08,SHU,ALM,STOP,SIMULATED_DEMO
SIG-SHU-ALM-B08-ALM,SHU-ALM-B08,ALM,SHU,STOP,SIMULATED_DEMO
SIG-SHU-ALM-B09-SHU,SHU-ALM-B09,SHU,ALM,STOP,SIMULATED_DEMO
SIG-SHU-ALM-B09-ALM,SHU-ALM-B09,ALM,SHU,STOP,SIMULATED_DEMO
SIG-SHU-ALM-B10-SHU,SHU-ALM-B10,SHU,ALM,STOP,SIMULATED_DEMO
SIG-SHU-ALM-B10-ALM,SHU-ALM-B10,ALM,SHU,STOP,SIMULATED_DEMO
